,FIPS,State,County,GROC11,GROC16,PCH_GROC_11_16,GROCPTH11,GROCPTH16,PCH_GROCPTH_11_16,SUPERC11,SUPERC16,PCH_SUPERC_11_16,SUPERCPTH11,SUPERCPTH16,PCH_SUPERCPTH_11_16,CONVS11,CONVS16,PCH_CONVS_11_16,CONVSPTH11,CONVSPTH16,PCH_CONVSPTH_11_16,SPECS11,SPECS16,PCH_SPECS_11_16,SPECSPTH11,SPECSPTH16,PCH_SPECSPTH_11_16,SNAPS12,SNAPS17,PCH_SNAPS_12_17,SNAPSPTH12,SNAPSPTH17,PCH_SNAPSPTH_12_17,WICS11,WICS16,PCH_WICS_11_16,WICSPTH11,WICSPTH16,PCH_WICSPTH_11_16,geo_type
2820,51001.0,VA,Accomack,11.0,9.0,-18.181818182,0.331105894,0.274239746,-17.174610385999998,1.0,1.0,0.0,0.0301005,0.0304711,1.231031751,28.0,32.0,14.285714286,0.842815002,0.975074654,15.692607715,4.0,3.0,-25.0,0.120402143,0.091413249,-24.076726187,39.75,47.08333333333333,18.448637316561832,1.192225788068744,1.4467148051415986,21.345706460946012,8.0,5.0,-37.5,0.2408115416765213,0.15220700204372406,-36.79413986206055,county
2821,51003.0,VA,Albemarle,17.0,19.0,11.764705882000001,0.169560837,0.178539547,5.295272903,1.0,3.0,200.0,0.0099742,0.028190499999999997,182.634679897,57.0,52.0,-8.771929825,0.568527514,0.48863454799999995,-14.052611960999998,3.0,6.0,100.0,0.0299225,0.0563809,88.423119932,44.49999999999999,52.75,18.53932584269665,0.43520356769126944,0.4897773486100537,12.539828478037322,9.0,8.0,-11.11111068725586,0.0898185670375824,0.07518231868743896,-16.29534912109375,county
2822,51005.0,VA,Alleghany,3.0,3.0,0.0,0.18566654300000002,0.195160031,5.113192818,0.0,0.0,0.0,0.0,0.0,0.0,10.0,8.0,-20.0,0.618888476,0.52042675,-15.909445746,0.0,0.0,0.0,0.0,0.0,0.0,17.416666666666664,11.5,-33.97129186602869,1.0731156294927091,0.7604814178018781,-29.133320128663264,1.0,2.0,100.0,0.06188501790165901,0.13004747033119202,110.14370727539062,county
2823,51007.0,VA,Amelia,1.0,1.0,0.0,0.078419072,0.077942323,-0.607950117,0.0,0.0,0.0,0.0,0.0,0.0,6.0,4.0,-33.333333333,0.470514429,0.311769291,-33.738633411,1.0,0.0,-100.0,0.078419072,0.0,-100.0,10.25,8.0,-21.951219512195124,0.8033544948663688,0.6144393241167435,-23.51579183994604,1.0,1.0,0.0,0.07841907441616057,0.07816775143146515,-0.32048705220222473,county
2824,51009.0,VA,Amherst,6.0,6.0,0.0,0.186857677,0.18947169,1.3989326430000002,1.0,1.0,0.0,0.031142900000000005,0.0315786,1.3989326430000002,21.0,21.0,0.0,0.654001869,0.663150914,1.3989326430000002,1.0,0.0,-100.0,0.031142900000000005,0.0,-100.0,28.750000000000004,32.33333333333333,12.463768115941999,0.8877840909090909,1.0234010677132788,15.275896267223702,4.0,4.0,0.0,0.124420665204525,0.12543509900569916,0.8153257966041565,county
2825,51011.0,VA,Appomattox,3.0,1.0,-66.666666667,0.198622881,0.064495324,-67.528754165,1.0,1.0,0.0,0.066207627,0.064495324,-2.586262496,9.0,10.0,11.111111111,0.595868644,0.6449532410000001,8.237486116,1.0,0.0,-100.0,0.066207627,0.0,-100.0,10.583333333333334,13.25,25.19685039370078,0.6995857570950115,0.8449716217077993,20.781707337281137,3.0,2.0,-33.33333206176758,0.19857029616832733,0.12893244624137878,-35.06962203979492,county
2826,51013.0,VA,Arlington,42.0,46.0,9.523809523999999,0.194058125,0.19860973199999998,2.345486357,1.0,1.0,0.0,0.00462043,0.0043176,-6.5541211520000004,74.0,64.0,-13.513513514000001,0.341911935,0.276326583,-19.181942618,13.0,12.0,-7.692307692000001,0.0600656,0.051811199999999995,-13.742265679,78.33333333333334,88.66666666666669,13.19148936170214,0.3543773138199613,0.3773611672660468,6.485701129774428,7.0,11.0,57.14285659790039,0.0324116088449955,0.04749937355518341,46.55049514770508,county
2827,51015.0,VA,Augusta,10.0,11.0,10.0,0.135793919,0.147109958,8.333244176000001,0.0,0.0,0.0,0.0,0.0,0.0,35.0,36.0,2.857142857,0.475278717,0.481450772,1.298617931,3.0,4.0,33.333333333,0.040738199999999995,0.05349450000000001,31.313023243000004,41.24999999999999,38.33333333333333,-7.0707070707070665,0.5600206359119171,0.5101316583271229,-8.908417723492773,4.0,4.0,0.0,0.054319780319929116,0.05348094180226326,-1.544259786605835,county
2828,51017.0,VA,Bath,1.0,1.0,0.0,0.21482277100000002,0.226603218,5.48379787,0.0,0.0,0.0,0.0,0.0,0.0,6.0,4.0,-33.333333333,1.288936627,0.9064128709999999,-29.677468086999998,1.0,0.0,-100.0,0.21482277100000002,0.0,-100.0,2.0,3.0,50.0,0.4299226139294927,0.6981615080288573,62.39236676751223,,,,,,,county
2829,51019.0,VA,Bedford,11.0,7.0,-36.363636364,0.145579672,0.08994192300000001,-38.21807529,1.0,0.0,-100.0,0.0132345,0.0,-100.0,30.0,23.0,-23.333333333000002,0.397035469,0.295523462,-25.567490705999997,3.0,2.0,-33.333333333,0.0397035,0.025697700000000004,-35.276078875,34.916666666666664,48.0,37.47016706443915,0.5017483354888154,0.6155898119886115,22.68895947385436,7.0,6.0,-14.285714149475098,0.09264528751373292,0.07701095193624496,-16.875478744506836,county
2830,51021.0,VA,Bland,0.0,1.0,,0.0,0.154440154,,0.0,0.0,0.0,0.0,0.0,0.0,5.0,4.0,-20.0,0.737898465,0.6177606179999999,-16.281081081,0.0,0.0,0.0,0.0,0.0,0.0,6.0,4.0,-33.33333333333333,0.8904719501335707,0.6299212598425197,-29.259842519685037,1.0,1.0,0.0,0.14762327075004578,0.15451174974441528,4.666255474090576,county
2831,51023.0,VA,Botetourt,5.0,6.0,20.0,0.151524335,0.180995475,19.449773756,0.0,0.0,0.0,0.0,0.0,0.0,20.0,19.0,-5.0,0.606097339,0.573152338,-5.4355957770000005,0.0,0.0,0.0,0.0,0.0,0.0,21.916666666666664,21.0,-4.182509505703412,0.661056483883292,0.6326825741142444,-4.292206560378715,3.0,3.0,0.0,0.0909118428826332,0.0904240906238556,-0.536511242389679,county
2832,51025.0,VA,Brunswick,2.0,2.0,0.0,0.11674741699999999,0.122887865,5.259600614,0.0,0.0,0.0,0.0,0.0,0.0,16.0,16.0,0.0,0.9339793359999999,0.983102919,5.259600614,0.0,0.0,0.0,0.0,0.0,0.0,16.416666666666664,14.833333333333334,-9.644670050761404,0.96511855771115,0.9131576787326604,-5.383885592431135,2.0,1.0,-50.0,0.11678150296211245,0.060088932514190674,-48.54584884643555,county
2833,51027.0,VA,Buchanan,7.0,8.0,14.285714286,0.293895373,0.361958194,23.158860865999998,1.0,1.0,0.0,0.0419851,0.0452448,7.764003258,12.0,18.0,50.0,0.50382064,0.8144059359999999,61.64600488600001,1.0,0.0,-100.0,0.0419851,0.0,-100.0,31.333333333333332,26.249999999999996,-16.223404255319156,1.3132710228145912,1.2201357255740446,-7.091856564453834,4.0,4.0,0.0,0.16794726252555847,0.1808481812477112,7.681529521942139,county
2834,51029.0,VA,Buckingham,2.0,2.0,0.0,0.116198001,0.117233294,0.8909730359999999,0.0,0.0,0.0,0.0,0.0,0.0,13.0,15.0,15.384615385,0.755287009,0.879249707,16.412661196,0.0,0.0,0.0,0.0,0.0,0.0,13.583333333333336,15.416666666666668,13.496932515337413,0.7949048064918852,0.9034085359898428,13.64990230425348,3.0,2.0,-33.33333206176758,0.17432738840579987,0.11735711991786955,-32.68004608154297,county
2835,51031.0,VA,Campbell,9.0,10.0,11.111111111,0.164260554,0.18122508199999998,10.327816036,1.0,1.0,0.0,0.0182512,0.0181225,-0.704965567,40.0,38.0,-5.0,0.730046906,0.68865531,-5.669717288999999,1.0,3.0,200.0,0.0182512,0.05436749999999999,197.885103298,52.416666666666664,52.333333333333336,-0.15898251192367935,0.9502142136335344,0.9513421802096588,0.11870655689427197,6.0,7.0,16.66666603088379,0.1095290258526802,0.12673582136631012,15.70980453491211,county
2836,51033.0,VA,Caroline,3.0,3.0,0.0,0.10461345300000001,0.09976389199999999,-4.635695521000001,0.0,0.0,0.0,0.0,0.0,0.0,15.0,20.0,33.333333333,0.523067266,0.665092614,27.152405973,3.0,2.0,-33.333333333,0.10461345300000001,0.066509261,-36.423797014,21.333333333333336,26.249999999999996,23.046874999999968,0.7363431359013299,0.8617576573323265,17.032075851088255,2.0,2.0,0.0,0.06974473595619203,0.0665048360824585,-4.645368099212647,county
2837,51035.0,VA,Carroll,2.0,4.0,100.0,0.066462847,0.13468467,102.646553756,0.0,0.0,0.0,0.0,0.0,0.0,27.0,27.0,0.0,0.897248438,0.909121519,1.323276878,2.0,2.0,0.0,0.066462847,0.067342335,1.323276878,32.16666666666667,37.33333333333333,16.062176165803077,1.0775741739528548,1.2566760917373545,16.620843568243835,5.0,2.0,-60.0,0.16615711152553558,0.06723140925168991,-59.53744888305664,county
2838,51036.0,VA,Charles City,1.0,1.0,0.0,0.138811771,0.142389292,2.577246191,0.0,0.0,0.0,0.0,0.0,0.0,3.0,3.0,0.0,0.416435314,0.42716787700000003,2.577246191,0.0,0.0,0.0,0.0,0.0,0.0,1.5833333333333335,2.25,42.105263157894726,0.2212286339714033,0.3212450028555112,45.20950434338273,,,,,,,county
2839,51037.0,VA,Charlotte,2.0,1.0,-50.0,0.160128102,0.082440231,-48.516075845,0.0,0.0,0.0,0.0,0.0,0.0,7.0,10.0,42.857142857,0.560448359,0.8244023079999999,47.096926157,0.0,0.0,0.0,0.0,0.0,0.0,13.5,13.250000000000002,-1.8518518518518385,1.0883585940019351,1.0933245317270404,0.4562777151274668,1.0,1.0,0.0,0.0800512358546257,0.0825900211930275,3.1714506149291988,county
2840,51041.0,VA,Chesterfield,40.0,51.0,27.5,0.12483537300000001,0.150524623,20.578501542,6.0,6.0,0.0,0.0187253,0.0177088,-5.428626241,135.0,135.0,0.0,0.421319385,0.39844753,-5.428626241,13.0,10.0,-23.076923076999996,0.040571499999999996,0.029514599999999995,-27.252789417,179.08333333333331,188.74999999999997,5.397859469520703,0.5529721028275941,0.5493322157515009,-0.6582406341080901,33.0,36.0,9.090909004211426,0.10303516685962676,0.10637857764959337,3.2449219226837163,county
2841,51043.0,VA,Clarke,2.0,1.0,-50.0,0.140974131,0.06982265,-50.471302891,0.0,0.0,0.0,0.0,0.0,0.0,10.0,7.0,-30.0,0.704870656,0.488758553,-30.659824046999997,2.0,2.0,0.0,0.140974131,0.139645301,-0.9426057809999999,7.0,9.916666666666668,41.666666666666686,0.4887244292396844,0.6835309254664095,39.860192077934045,1.0,2.0,100.0,0.07048706710338593,0.13989926874637604,98.47509002685548,county
2842,51045.0,VA,Craig,2.0,4.0,100.0,0.386922035,0.778210117,101.12840466899999,0.0,0.0,0.0,0.0,0.0,0.0,2.0,1.0,-50.0,0.386922035,0.19455252899999997,-49.717898833,0.0,0.0,0.0,0.0,0.0,0.0,3.0,5.0,66.66666666666666,0.5754843660080567,0.9877518767285656,71.6383511128671,1.0,2.0,100.0,0.19346101582050326,0.3904724717140198,101.83522033691406,county
2843,51047.0,VA,Culpeper,12.0,9.0,-25.0,0.253485425,0.178809131,-29.459797747,1.0,1.0,0.0,0.0211238,0.019867700000000002,-5.946396996,21.0,17.0,-19.047619047999998,0.44359949299999996,0.337750581,-23.861368997,1.0,4.0,300.0,0.0211238,0.079470725,276.214412016,33.166666666666664,33.083333333333336,-0.2512562814070209,0.6922557798139606,0.6451256451256452,-6.808196632317223,4.0,5.0,25.0,0.08448978513479233,0.09935617446899414,17.595487594604492,county
2844,51049.0,VA,Cumberland,2.0,2.0,0.0,0.20036064899999997,0.205296654,2.463559844,0.0,0.0,0.0,0.0,0.0,0.0,9.0,7.0,-22.222222222,0.901622921,0.718538288,-20.306120121,0.0,0.0,0.0,0.0,0.0,0.0,8.666666666666668,5.0,-42.307692307692314,0.8799539716384067,0.5096320456630313,-42.0842382569016,1.0,,,0.10018032789230348,,,county
2845,51051.0,VA,Dickenson,4.0,5.0,25.0,0.253453301,0.332446809,31.166888298000003,0.0,0.0,0.0,0.0,0.0,0.0,9.0,10.0,11.111111111,0.570269928,0.664893617,16.592789598,0.0,0.0,0.0,0.0,0.0,0.0,23.916666666666668,20.0,-16.376306620209064,1.5243254727002338,1.3529968881071577,-11.239632720273313,3.0,2.0,-33.33333206176758,0.1901622712612152,0.1332622617483139,-29.921817779541016,county
2846,51053.0,VA,Dinwiddie,6.0,4.0,-33.333333333,0.21341680300000002,0.14272970599999998,-33.121617603000004,0.0,0.0,0.0,0.0,0.0,0.0,17.0,19.0,11.764705882000001,0.604680942,0.6779661020000001,12.119641077,0.0,0.0,0.0,0.0,0.0,0.0,24.0,24.249999999999996,1.0416666666666519,0.8573265699792812,0.8596851956891661,0.27511403384382177,4.0,3.0,-25.0,0.14228293299674988,0.10585370659828186,-25.603370666503906,county
2847,51057.0,VA,Essex,2.0,2.0,0.0,0.17911517100000002,0.180245133,0.6308579670000001,1.0,1.0,0.0,0.089557586,0.09012256699999999,0.6308579670000001,9.0,10.0,11.111111111,0.80601827,0.9012256670000001,11.812064408,0.0,0.0,0.0,0.0,0.0,0.0,10.833333333333332,14.416666666666666,33.07692307692309,0.9644203092079884,1.3072784427517832,35.55069613013029,3.0,3.0,0.0,0.2686486840248108,0.270611584186554,0.7306569218635559,county
2848,51059.0,VA,Fairfax,178.0,193.0,8.426966292000001,0.16098108,0.168612555,4.7406032730000005,4.0,10.0,150.0,0.00361755,0.008736399999999998,141.500354698,263.0,247.0,-6.08365019,0.237854068,0.215789124,-9.276672836,60.0,60.0,0.0,0.0542633,0.0524184,-3.3998581210000003,349.3333333333333,368.66666666666674,5.534351145038195,0.3122945724514468,0.3210171308789165,2.7930547620470847,60.0,78.0,30.0,0.05437875911593437,0.06822779774665833,25.467735290527344,county
2849,51061.0,VA,Fauquier,14.0,9.0,-35.714285714,0.211918926,0.13084438199999998,-38.257339746999996,0.0,1.0,,0.0,0.014538299999999999,,33.0,34.0,3.03030303,0.499523182,0.49430100000000005,-1.045433399,3.0,3.0,0.0,0.0454112,0.0436148,-3.955861828,30.166666666666664,33.25,10.22099447513813,0.453347760311783,0.4786583171381271,5.583033388967697,5.0,6.0,20.0,0.07571741938591002,0.08719662576913834,15.160588264465332,county
2850,51063.0,VA,Floyd,3.0,3.0,0.0,0.194817845,0.19159535100000002,-1.654106527,0.0,0.0,0.0,0.0,0.0,0.0,9.0,7.0,-22.222222222,0.584453536,0.447055818,-23.508749521,0.0,2.0,,0.0,0.127730234,,12.416666666666668,12.166666666666668,-2.013422818791946,0.8068009529997835,0.7722416164180683,-4.283502201282656,2.0,2.0,0.0,0.12987856566905975,0.12759169936180115,-1.760772705078125,county
2851,51065.0,VA,Fluvanna,4.0,3.0,-25.0,0.15410695,0.114639459,-25.610455119,0.0,0.0,0.0,0.0,0.0,0.0,7.0,6.0,-14.285714286,0.269687163,0.229278918,-14.983377277999999,2.0,0.0,-100.0,0.077053475,0.0,-100.0,11.583333333333334,12.416666666666666,7.194244604316537,0.4460789977022118,0.4694036997832552,5.228827674288791,3.0,2.0,-33.33333206176758,0.11557130515575408,0.07654330134391785,-33.769630432128906,county
2852,51067.0,VA,Franklin,5.0,4.0,-20.0,0.08874216900000001,0.07122634,-19.737887071,1.0,1.0,0.0,0.0177484,0.0178066,0.327641162,35.0,36.0,2.857142857,0.62119518,0.641037056,3.194145195,1.0,1.0,0.0,0.0177484,0.0178066,0.327641162,46.75,47.0,0.53475935828877,0.8287390757121837,0.8326689697936044,0.4742016150310579,4.0,4.0,0.0,0.0709962546825409,0.07124029099941254,0.3437312543392181,county
2853,51069.0,VA,Frederick,10.0,8.0,-20.0,0.125741877,0.09446884900000001,-24.870813849,3.0,3.0,0.0,0.0377226,0.03542580000000001,-6.088517311,38.0,45.0,18.421052632000002,0.47781913299999995,0.531387275,11.210966342,3.0,4.0,33.333333333,0.0377226,0.0472344,25.215310251,44.24999999999999,47.91666666666667,8.286252354048992,0.5509418927499782,0.5540523873394694,0.5645776134331401,8.0,10.0,25.0,0.10060615092515944,0.1181083768606186,17.396774291992188,county
2854,51071.0,VA,Giles,6.0,5.0,-16.666666667,0.34987462799999997,0.29608574600000004,-15.373758907000001,1.0,1.0,0.0,0.0583124,0.059217099999999995,1.5514893109999999,16.0,16.0,0.0,0.9329990090000001,0.947474389,1.5514893109999999,0.0,0.0,0.0,0.0,0.0,0.0,23.25,22.916666666666668,-1.4336917562723963,1.3734640831758034,1.3610896636376235,-0.900964188999177,4.0,6.0,50.0,0.2332497537136078,0.3563368618488312,52.7705192565918,county
2855,51073.0,VA,Gloucester,5.0,5.0,0.0,0.135556459,0.134767257,-0.58219455,1.0,1.0,0.0,0.0271113,0.026953500000000002,-0.58219455,24.0,20.0,-16.666666667,0.650671004,0.539069028,-17.151828792,6.0,2.0,-66.666666667,0.162667751,0.053906899999999994,-66.860731517,29.916666666666668,28.333333333333332,-5.292479108635105,0.8110574924542283,0.7597697450749042,-6.323564957661552,4.0,4.0,0.0,0.1084451675415039,0.10777603834867476,-0.6170207858085632,county
2856,51075.0,VA,Goochland,2.0,2.0,0.0,0.09355849699999999,0.088987764,-4.885428254,0.0,0.0,0.0,0.0,0.0,0.0,13.0,11.0,-15.384615385,0.608130233,0.48943270299999997,-19.518439292,0.0,0.0,0.0,0.0,0.0,0.0,9.0,13.416666666666666,49.07407407407407,0.4216049093549445,0.5914333994563221,40.28143086882343,2.0,2.0,0.0,0.09357162564992903,0.08903926610946655,-4.843732833862305,county
2857,51077.0,VA,Grayson,1.0,1.0,0.0,0.065078745,0.063015943,-3.169701935,0.0,0.0,0.0,0.0,0.0,0.0,5.0,12.0,140.0,0.325393726,0.7561913159999999,132.39271535700001,0.0,0.0,0.0,0.0,0.0,0.0,10.25,11.583333333333332,13.0081300813008,0.6750971481261938,0.7394403659963825,9.53095684803,1.0,1.0,0.0,0.0650787428021431,0.06301991641521454,-3.16359281539917,county
2858,51079.0,VA,Greene,3.0,2.0,-33.333333333,0.160711416,0.10346076300000001,-35.623264877,1.0,1.0,0.0,0.05357050000000001,0.051730399999999996,-3.434897315,8.0,8.0,0.0,0.428563776,0.41384305,-3.434897315,0.0,2.0,,0.0,0.10346076300000001,,9.916666666666668,10.0,0.8403361344537695,0.5282971960293361,0.5098919029165817,-3.483889986751391,2.0,2.0,0.0,0.10715242475271224,0.10343936085700987,-3.465216875076294,county
2859,51081.0,VA,Greensville,0.0,0.0,0.0,0.0,0.0,0.0,0.0,0.0,0.0,0.0,0.0,0.0,8.0,12.0,50.0,0.6685609229999999,1.038871093,55.389143796999996,0.0,0.0,0.0,0.0,0.0,0.0,8.166666666666666,22.25,172.44897959183675,0.6891120299271509,1.9051288637725832,176.46141426002717,,,,,,,county
2860,51083.0,VA,Halifax,9.0,9.0,0.0,0.25016677800000003,0.257407619,2.8944056739999997,1.0,1.0,0.0,0.027796299999999996,0.0286008,2.8944056739999997,30.0,32.0,6.666666667,0.83388926,0.915227091,9.754032719,1.0,1.0,0.0,0.027796299999999996,0.0286008,2.8944056739999997,47.916666666666664,42.75,-10.78260869565217,1.33662491747794,1.2368717993229754,-7.463059894408322,4.0,3.0,-25.0,0.11117596179246902,0.0857878178358078,-22.836000442504886,county
2861,51085.0,VA,Hanover,13.0,14.0,7.692307692000001,0.130122315,0.134167729,3.108931664,3.0,3.0,0.0,0.030028199999999998,0.0287502,-4.255992027,51.0,53.0,3.921568627,0.510479851,0.507920688,-0.501325047,7.0,5.0,-28.571428571,0.070065862,0.047917,-31.611422876,58.75000000000001,69.25,17.872340425531902,0.5836015417014344,0.6537768001283951,12.024515600553668,8.0,13.0,62.5,0.08008168637752533,0.12458312511444093,55.5700569152832,county
2862,51087.0,VA,Henrico,62.0,71.0,14.516129032,0.199477498,0.21769324899999998,9.131732307,7.0,8.0,14.285714286,0.022521700000000002,0.0245288,8.912151357,142.0,144.0,1.408450704,0.456867817,0.44151870200000004,-3.359640345,20.0,25.0,25.0,0.06434758,0.076652552,19.122665547,223.7500000000001,242.58333333333331,8.417132216014835,0.7104708317986108,0.7398133972556505,4.1300169048118125,38.0,34.0,-10.526315689086914,0.12239901721477507,0.10442613065242767,-14.68384838104248,county
2863,51089.0,VA,Henry,13.0,11.0,-15.384615385,0.242750173,0.21316177,-12.188828534,0.0,0.0,0.0,0.0,0.0,0.0,47.0,50.0,6.382978723,0.87763524,0.968917138,10.400892557999999,1.0,0.0,-100.0,0.018673099999999998,0.0,-100.0,70.91666666666667,72.66666666666666,2.4676850763807083,1.3388334057027067,1.418522784208848,5.952150444312769,8.0,6.0,-25.0,0.14942099153995514,0.11629484593868256,-22.169673919677734,county
2864,51091.0,VA,Highland,1.0,1.0,0.0,0.442673749,0.452079566,2.12477396,0.0,0.0,0.0,0.0,0.0,0.0,4.0,5.0,25.0,1.7706949980000002,2.26039783,27.65596745,0.0,0.0,0.0,0.0,0.0,0.0,3.166666666666667,2.416666666666667,-23.684210526315788,1.4105419450631032,1.0925256178420737,-22.545683829827738,,,,,,,county
2865,51093.0,VA,Isle of Wight,6.0,5.0,-16.666666667,0.170024654,0.137650039,-19.041129832,0.0,0.0,0.0,0.0,0.0,0.0,26.0,19.0,-26.923076923000004,0.7367734990000001,0.523070146,-29.005298468000003,6.0,2.0,-66.666666667,0.170024654,0.055060000000000005,-67.61645193300001,24.166666666666668,27.583333333333332,14.137931034482747,0.68269348475004,0.7546326694389728,10.537552546773234,3.0,4.0,33.33333206176758,0.08501473814249039,0.11013519018888474,29.548349380493164,county
2866,51095.0,VA,James City,11.0,11.0,0.0,0.161016453,0.148510173,-7.767082045,0.0,0.0,0.0,0.0,0.0,0.0,19.0,20.0,5.263157895,0.278119328,0.270018496,-2.912717942,3.0,7.0,133.33333333299998,0.0439136,0.09450647400000001,115.210141895,28.833333333333332,47.5,64.73988439306359,0.4180743447349215,0.6289391451723956,50.437153844293434,5.0,7.0,40.0,0.07320751249790193,0.09460226446390152,29.22480392456055,county
2867,51097.0,VA,King and Queen,0.0,0.0,0.0,0.0,0.0,0.0,0.0,0.0,0.0,0.0,0.0,0.0,3.0,4.0,33.333333333,0.42943028899999997,0.566011037,31.805103533,0.0,0.0,0.0,0.0,0.0,0.0,1.0,3.6666666666666665,266.66666666666663,0.1419244961680386,0.5235851301823028,268.91808272645056,,,,,,,county
2868,51099.0,VA,King George,2.0,2.0,0.0,0.082379109,0.077166448,-6.327648738,1.0,1.0,0.0,0.04118959999999999,0.0385832,-6.327648738,13.0,15.0,15.384615385,0.535464206,0.57874836,8.083482225,0.0,0.0,0.0,0.0,0.0,0.0,13.583333333333334,19.5,43.55828220858895,0.5544217687074829,0.7404032349925959,33.545123366762695,4.0,4.0,0.0,0.16479215025901794,0.15438054502010345,-6.318022727966309,county
2869,51101.0,VA,King William,2.0,4.0,100.0,0.124882922,0.243724104,95.16207652899999,0.0,0.0,0.0,0.0,0.0,0.0,8.0,6.0,-25.0,0.499531689,0.365586156,-26.814221301,2.0,2.0,0.0,0.124882922,0.121862052,-2.418961735,15.166666666666666,10.583333333333332,-30.219780219780223,0.9490436560081764,0.6334290958423111,-33.25606342424632,2.0,2.0,0.0,0.12488292157649995,0.12189175933599472,-2.3951730728149414,county
2870,51103.0,VA,Lancaster,6.0,3.0,-50.0,0.5321035829999999,0.278344776,-47.68973835600001,1.0,1.0,0.0,0.08868393,0.092781592,4.620523288,14.0,11.0,-21.428571429,1.241575027,1.020597513,-17.798160274,1.0,3.0,200.0,0.08868393,0.278344776,213.861569865,17.583333333333336,16.583333333333332,-5.687203791469213,1.5649104070250386,1.5372018291929304,-1.7706175195539415,3.0,3.0,0.0,0.2660989761352539,0.27857738733291626,4.689387321472168,county
2871,51105.0,VA,Lee,6.0,6.0,0.0,0.234990013,0.24946987699999998,6.16190595,1.0,1.0,0.0,0.039165,0.0415783,6.16190595,18.0,23.0,27.777777778,0.7049700390000001,0.9563011929999999,35.651324269,0.0,1.0,,0.0,0.0415783,,31.166666666666668,32.166666666666664,3.2085561497326087,1.2234696815053256,1.3539299043129331,10.663134917008534,6.0,7.0,16.66666603088379,0.2349992096424103,0.29086679220199585,23.77351951599121,county
2872,51107.0,VA,Loudoun,49.0,58.0,18.367346939,0.149894768,0.150150539,0.170633777,4.0,6.0,50.0,0.0122363,0.015532800000000001,26.940372114000002,83.0,74.0,-10.843373494000002,0.253903382,0.191571377,-24.549497699,16.0,20.0,25.0,0.0489452,0.051775999999999996,5.783643429,94.41666666666667,109.74999999999999,16.240070609002625,0.2802529746886793,0.2756983520900321,-1.6251826064314467,20.0,25.0,25.0,0.0612897202372551,0.06484680622816086,5.803723812103272,county
2873,51109.0,VA,Louisa,4.0,4.0,0.0,0.119542154,0.113391541,-5.145141172,1.0,1.0,0.0,0.029885500000000002,0.028347900000000006,-5.145141172,23.0,20.0,-13.043478260999999,0.687367383,0.566957705,-17.517514063,3.0,0.0,-100.0,0.089656615,0.0,-100.0,16.75,24.083333333333336,43.781094527363194,0.5010469638049656,0.6715932329429263,34.03798075989269,5.0,4.0,-20.0,0.14942769706249234,0.11329519003629684,-24.18059539794922,county
2874,51111.0,VA,Lunenburg,3.0,4.0,33.333333333,0.232360003,0.32610468,40.344583945,0.0,0.0,0.0,0.0,0.0,0.0,6.0,8.0,33.333333333,0.464720006,0.652209359,40.344583945,0.0,0.0,0.0,0.0,0.0,0.0,9.416666666666666,8.25,-12.389380530973446,0.7480669420612224,0.6742950551695954,-9.861669156019115,2.0,1.0,-50.0,0.15491867065429688,0.0815461128950119,-47.36198425292969,county
2875,51113.0,VA,Madison,5.0,5.0,0.0,0.380459595,0.381446445,0.25938358300000003,0.0,0.0,0.0,0.0,0.0,0.0,6.0,8.0,33.333333333,0.456551514,0.6103143120000001,33.67917811,0.0,0.0,0.0,0.0,0.0,0.0,10.416666666666668,10.0,-4.0000000000000115,0.7891414141414143,0.7531821947729156,-4.55675227837615,1.0,1.0,0.0,0.07609191536903381,0.07647598534822464,0.5047447681427002,county
2876,51115.0,VA,Mathews,2.0,2.0,0.0,0.2236386,0.227117874,1.555757438,0.0,0.0,0.0,0.0,0.0,0.0,6.0,5.0,-16.666666667,0.6709158000000001,0.567794685,-15.370202135,0.0,0.0,0.0,0.0,0.0,0.0,5.0,5.0,0.0,0.5628095452498875,0.5695409499943046,1.1960359949880366,1.0,1.0,0.0,0.11180679500102997,0.11377858370542525,1.7635678052902222,county
2877,51117.0,VA,Mecklenburg,8.0,5.0,-37.5,0.245647435,0.162411486,-33.884314299,1.0,1.0,0.0,0.0307059,0.0324823,5.785097122000001,34.0,32.0,-5.882352941000001,1.044001597,1.039433509,-0.43755565,3.0,2.0,-33.333333333,0.092117788,0.064964594,-29.476601919,42.83333333333333,49.08333333333333,14.591439688715955,1.349123856919378,1.5995350757131372,18.5610251801161,6.0,5.0,-16.66666603088379,0.18426387012004847,0.16219547390937805,-11.976518630981445,county
2878,51119.0,VA,Middlesex,3.0,3.0,0.0,0.276472215,0.278603269,0.770802377,0.0,0.0,0.0,0.0,0.0,0.0,11.0,10.0,-9.090909091,1.013731453,0.9286775629999999,-8.390179657000001,1.0,2.0,100.0,0.092157405,0.18573551300000002,101.541604755,11.999999999999998,11.75,-2.083333333333319,1.1088523378303454,1.1002902893529356,-0.7721540718544093,2.0,2.0,0.0,0.1843148022890091,0.18602921068668365,0.9301522970199584,county
2879,51121.0,VA,Montgomery,16.0,11.0,-31.25,0.168703409,0.111743194,-33.763523466,1.0,1.0,0.0,0.010544,0.010158499999999999,-3.656034132,46.0,38.0,-17.391304348,0.4850223,0.386021942,-20.411506457,4.0,5.0,25.0,0.0421759,0.0507924,20.429957334,63.333333333333336,62.83333333333333,-0.7894736842105374,0.6653080376214188,0.6375199964826482,-4.17671808657493,10.0,9.0,-10.0,0.10556652396917343,0.09159932285547256,-13.23071002960205,county
2880,51125.0,VA,Nelson,4.0,2.0,-50.0,0.26634705,0.13427324599999999,-49.587109768000005,0.0,0.0,0.0,0.0,0.0,0.0,18.0,16.0,-11.111111111,1.1985617259999999,1.0741859679999999,-10.377084033,1.0,1.0,0.0,0.066586763,0.06713662299999999,0.825780463,12.666666666666666,9.583333333333332,-24.3421052631579,0.8542973404374902,0.6413259274130585,-24.92942479668354,1.0,1.0,0.0,0.06658676266670227,0.06756756454706192,1.4729682207107544,county
2881,51127.0,VA,New Kent,3.0,3.0,0.0,0.159863583,0.14265335199999998,-10.765572990999999,0.0,0.0,0.0,0.0,0.0,0.0,11.0,13.0,18.181818182,0.586166471,0.618164527,5.458868282999999,0.0,1.0,,0.0,0.0475511,,7.5,13.416666666666668,78.88888888888891,0.3912567165736345,0.6187928542877349,58.155202984554556,2.0,3.0,50.0,0.10659844428300858,0.14268727600574493,33.854934692382805,county
2882,51131.0,VA,Northampton,3.0,2.0,-33.333333333,0.241818475,0.166583375,-31.112221666999996,0.0,0.0,0.0,0.0,0.0,0.0,14.0,13.0,-7.142857143,1.128486216,1.082791937,-4.0491658930000005,4.0,1.0,-75.0,0.322424633,0.083291687,-74.167083125,18.0,16.5,-8.333333333333332,1.472272206772452,1.3928752321458722,-5.392818954358715,3.0,2.0,-33.33333206176758,0.2417600154876709,0.1663755029439926,-31.18154716491699,county
2883,51133.0,VA,Northumberland,4.0,3.0,-25.0,0.321207741,0.24600246,-23.413284133,0.0,0.0,0.0,0.0,0.0,0.0,11.0,9.0,-18.181818182,0.883321288,0.73800738,-16.450855418,1.0,2.0,100.0,0.080301935,0.16400164,104.231242312,13.333333333333334,11.25,-15.625000000000004,1.0799719207300609,0.9164969450101832,-15.136965376782083,2.0,1.0,-50.0,0.1606425642967224,0.08201427012681961,-48.94611358642578,county
2884,51135.0,VA,Nottoway,5.0,4.0,-20.0,0.314901121,0.25789813,-18.101869761,1.0,1.0,0.0,0.062980224,0.064474533,2.372662798,18.0,17.0,-5.555555556,1.133644036,1.0960670540000002,-3.314707357,0.0,1.0,,0.0,0.064474533,,18.25,21.833333333333336,19.634703196347044,1.1528742893240682,1.4146257181115292,22.704247220304126,3.0,2.0,-33.33333206176758,0.1889406740665436,0.129023939371109,-31.711929321289066,county
2885,51137.0,VA,Orange,4.0,3.0,-25.0,0.11765398,0.084552296,-28.134776359,0.0,1.0,,0.0,0.0281841,,19.0,20.0,5.263157895,0.558856403,0.5636819710000001,0.863471777,1.0,1.0,0.0,0.0294135,0.0281841,-4.179701812,20.833333333333332,28.5,36.80000000000001,0.6083435535050321,0.7900645912455299,29.871449560613218,3.0,4.0,33.33333206176758,0.08825606107711792,0.1130550280213356,28.0988826751709,county
2886,51139.0,VA,Page,6.0,5.0,-16.666666667,0.250490544,0.211945233,-15.387930425,1.0,1.0,0.0,0.041748400000000005,0.042388999999999996,1.534483489,16.0,14.0,-12.5,0.667974784,0.593446653,-11.157326947,1.0,0.0,-100.0,0.041748400000000005,0.0,-100.0,17.916666666666668,19.333333333333336,7.906976744186052,0.7498081886029156,0.8146868371890496,8.652699393296759,5.0,4.0,-20.0,0.2087246924638748,0.16941973567008972,-18.831005096435547,county
2887,51141.0,VA,Patrick,4.0,2.0,-50.0,0.21823340100000002,0.112555574,-48.42422196,1.0,1.0,0.0,0.05455840000000001,0.0562778,3.1515560810000003,12.0,15.0,25.0,0.654700202,0.844166807,28.939445101,1.0,1.0,0.0,0.05455840000000001,0.0562778,3.1515560810000003,17.583333333333336,15.666666666666666,-10.900473933649305,0.9529745451917692,0.8868761203887159,-6.93601157938088,4.0,3.0,-25.0,0.21818578243255612,0.1687004417181015,-22.680368423461914,county
2888,51143.0,VA,Pittsylvania,6.0,6.0,0.0,0.094848164,0.09728730599999999,2.571627779,0.0,0.0,0.0,0.0,0.0,0.0,44.0,37.0,-15.909090909000001,0.695553202,0.599938385,-13.746585731,1.0,2.0,100.0,0.015808000000000003,0.0324291,105.14325555799999,53.99999999999999,47.74999999999999,-11.574074074074076,0.8597767764739598,0.7794900257925494,-9.338092500087667,4.0,3.0,-25.0,0.06323111057281494,0.048614487051963806,-23.11618995666504,county
2889,51145.0,VA,Powhatan,4.0,3.0,-25.0,0.14222222199999998,0.105641242,-25.721001479,0.0,1.0,,0.0,0.035213699999999994,,14.0,15.0,7.142857143,0.49777777799999995,0.5282062120000001,6.11285503,0.0,1.0,,0.0,0.035213699999999994,,7.0,7.0,0.0,0.24890658891298936,0.24474668717877002,-1.671270235306449,2.0,3.0,50.0,0.07111869752407074,0.10547039657831192,48.30192565917969,county
2890,51147.0,VA,Prince Edward,4.0,2.0,-50.0,0.172213372,0.08686965199999999,-49.556964773999994,1.0,1.0,0.0,0.0430533,0.0434348,0.8860704509999999,20.0,24.0,20.0,0.861066862,1.042435825,21.063284542,1.0,0.0,-100.0,0.0430533,0.0,-100.0,21.916666666666668,22.833333333333336,4.182509505703427,0.9431391112258658,1.0057407978387587,6.6375878030893,4.0,2.0,-50.0,0.17929179966449738,0.08685833215713501,-51.55476760864258,county
2891,51149.0,VA,Prince George,3.0,2.0,-33.333333333,0.08173050700000001,0.052900300000000004,-35.274772749,0.0,0.0,0.0,0.0,0.0,0.0,12.0,14.0,16.666666667,0.326922029,0.370301796,13.269147689,1.0,0.0,-100.0,0.0272435,0.0,-100.0,16.75,14.916666666666664,-10.94527363184081,0.4534257329254757,0.3945268763169263,-12.989747235680149,3.0,2.0,-33.33333206176758,0.0817149206995964,0.0528094619512558,-35.373538970947266,county
2892,51153.0,VA,Prince William,64.0,64.0,0.0,0.152529487,0.140178728,-8.097292798,5.0,11.0,120.0,0.0119164,0.024093200000000002,102.18595584399999,116.0,122.0,5.1724137930000005,0.276459695,0.2672157,-3.343704495,13.0,20.0,53.84615384600001,0.030982599999999996,0.0438059,41.38878031,169.00000000000003,187.91666666666669,11.19329388560157,0.39275928503866014,0.4058473697130957,3.332342524543301,30.0,35.0,16.66666603088379,0.07158605754375458,0.07658258080482483,6.979743480682372,county
2893,51155.0,VA,Pulaski,7.0,5.0,-28.571428571,0.20152003699999999,0.146028037,-27.536715621,2.0,2.0,0.0,0.057577199999999995,0.058411199999999996,1.448598131,19.0,19.0,0.0,0.546982957,0.554906542,1.448598131,1.0,1.0,0.0,0.028788599999999998,0.029205599999999998,1.448598131,39.16666666666666,33.0,-15.744680851063809,1.127552587133425,0.9653639129417272,-14.384133923547642,7.0,7.0,0.0,0.20151422917842865,0.2045288532972336,1.495985746383667,county
2894,51157.0,VA,Rappahannock,1.0,2.0,100.0,0.133832976,0.27273967,103.79108141299999,0.0,0.0,0.0,0.0,0.0,0.0,5.0,4.0,-20.0,0.669164882,0.54547934,-18.483567435,0.0,0.0,0.0,0.0,0.0,0.0,1.0,1.0,0.0,0.13412017167381973,0.13659336156262805,1.844010381095483,,,,,,,county
2895,51159.0,VA,Richmond,1.0,1.0,0.0,0.108613012,0.113843352,4.81557377,0.0,0.0,0.0,0.0,0.0,0.0,6.0,5.0,-16.666666667,0.651678071,0.5692167579999999,-12.653688525,0.0,0.0,0.0,0.0,0.0,0.0,9.75,6.916666666666666,-29.059829059829067,1.0762777348493209,0.7737629115859342,-28.107505476338684,1.0,1.0,0.0,0.10860121995210648,0.11416828632354735,5.12615442276001,county
2896,51161.0,VA,Roanoke,13.0,11.0,-15.384615385,0.140015294,0.117819693,-15.852268935,0.0,1.0,,0.0,0.010710899999999999,,39.0,39.0,0.0,0.42004588200000004,0.417724366,-0.552681469,2.0,2.0,0.0,0.0215408,0.021421799999999998,-0.552681469,51.75,45.75,-11.594202898550725,0.5570445958601091,0.4881041288808279,-12.376112701144363,13.0,15.0,15.384614944458008,0.14008620381355286,0.16064944863319394,14.678993225097654,county
2897,51163.0,VA,Rockbridge,2.0,3.0,50.0,0.089130532,0.133862835,50.187407969,1.0,1.0,0.0,0.0445653,0.0446209,0.124938646,23.0,22.0,-4.347826087,1.0250011140000002,0.981660792,-4.228319556000001,3.0,4.0,33.333333333,0.133695797,0.17848378,33.499918195,17.416666666666664,18.083333333333336,3.8277511961722763,0.7777380846059956,0.7980640510760995,2.61347192228616,3.0,2.0,-33.33333206176758,0.13365410268306732,0.08938147872686386,-33.124778747558594,county
2898,51165.0,VA,Rockingham,10.0,10.0,0.0,0.130125311,0.126106585,-3.0883502739999997,1.0,1.0,0.0,0.0130125,0.0126107,-3.0883502739999997,36.0,41.0,13.888888889,0.46845111799999994,0.517037,10.371601077000001,6.0,7.0,16.666666667,0.07807518599999999,0.08827461,13.063591347000001,34.41666666666667,37.75,9.685230024213059,0.4447114866931125,0.4705398431949344,5.8078905705544654,5.0,6.0,20.0,0.06506180763244629,0.07564010471105576,16.258842468261722,county
2899,51167.0,VA,Russell,4.0,2.0,-50.0,0.139586823,0.073008688,-47.696575893,1.0,1.0,0.0,0.034896699999999996,0.0365043,4.606848215,18.0,16.0,-11.111111111,0.628140704,0.584069504,-7.01613492,0.0,0.0,0.0,0.0,0.0,0.0,30.833333333333332,22.916666666666664,-25.67567567567568,1.0839632038436748,0.8472591935324855,-21.836904562059832,3.0,2.0,-33.33333206176758,0.10467550903558732,0.0730326846241951,-30.22944450378418,county
2900,51169.0,VA,Scott,6.0,8.0,33.333333333,0.260179524,0.36317414200000003,39.585981478,0.0,0.0,0.0,0.0,0.0,0.0,21.0,23.0,9.523809523999999,0.9106283340000001,1.044125658,14.659913357,1.0,0.0,-100.0,0.0433633,0.0,-100.0,34.5,31.5,-8.695652173913043,1.5144199113296168,1.4406585867825292,-4.87059923045566,5.0,5.0,0.0,0.2168726921081543,0.22747953236103055,4.890814304351807,county
2901,51171.0,VA,Shenandoah,10.0,9.0,-10.0,0.236619185,0.209653373,-11.396291465,1.0,1.0,0.0,0.023661900000000003,0.023294799999999997,-1.551434961,30.0,32.0,6.666666667,0.709857555,0.745434215,5.011802708,4.0,2.0,-50.0,0.094647674,0.046589599999999995,-50.77571748,32.58333333333333,40.25,23.529411764705902,0.7651723301160871,0.931174089068826,21.694689211717083,4.0,5.0,25.0,0.0946454331278801,0.11659087985754013,23.18700981140137,county
2902,51173.0,VA,Smyth,6.0,5.0,-16.666666667,0.18724254199999998,0.160901046,-14.068114776,0.0,0.0,0.0,0.0,0.0,0.0,21.0,22.0,4.7619047619999995,0.655348895,0.707964602,8.02865571,2.0,1.0,-50.0,0.062414199999999996,0.0321802,-48.440868866,32.33333333333333,42.583333333333336,31.701030927835077,1.0194001303150682,1.389070111343076,36.263481829627885,7.0,6.0,-14.285714149475098,0.2184496372938156,0.19279585778713226,-11.74356746673584,county
2903,51175.0,VA,Southampton,3.0,3.0,0.0,0.161021953,0.16649092599999998,3.396414895,0.0,0.0,0.0,0.0,0.0,0.0,16.0,11.0,-31.25,0.858783748,0.61046673,-28.914964759,1.0,2.0,100.0,0.053674,0.110993951,106.792829791,15.333333333333332,14.666666666666666,-4.347826086956518,0.8329259239140275,0.8262910798122065,-0.7965707287201517,1.0,1.0,0.0,0.053665343672037125,0.0554877370595932,3.395847797393799,county
2904,51177.0,VA,Spotsylvania,21.0,20.0,-4.7619047619999995,0.16862864800000002,0.15220121,-9.741783400000001,4.0,4.0,0.0,0.0321197,0.030440199999999997,-5.22887257,55.0,42.0,-23.636363636,0.44164645799999996,0.31962254100000004,-27.629320870999997,8.0,5.0,-37.5,0.064239485,0.0380503,-40.768045356,78.83333333333334,86.08333333333333,9.196617336152201,0.6272344398120154,0.6470825534516499,3.1643851771887737,12.0,11.0,-8.333333015441895,0.09637315571308136,0.08379611372947693,-13.050357818603516,county
2905,51179.0,VA,Stafford,13.0,11.0,-15.384615385,0.098330648,0.07666734,-22.031084049,1.0,3.0,200.0,0.007563899999999999,0.0209093,176.435247461,38.0,42.0,10.526315789,0.287428048,0.292729845,1.8445648540000001,2.0,2.0,0.0,0.015127799999999999,0.0139395,-7.854917512999999,61.25000000000001,68.33333333333333,11.564625850340116,0.4558919852328213,0.4659652185376874,2.2095657811843004,11.0,12.0,9.090909004211426,0.08320914953947067,0.08357826620340347,0.4436010420322418,county
2906,51181.0,VA,Surry,3.0,2.0,-33.333333333,0.433338148,0.304414003,-29.751395231,0.0,0.0,0.0,0.0,0.0,0.0,4.0,4.0,0.0,0.5777841979999999,0.608828006,5.372907154,1.0,1.0,0.0,0.144446049,0.15220700199999998,5.372907154,6.083333333333333,7.416666666666667,21.91780821917809,0.8888564192480031,1.134046890927625,27.584935696032854,,,,,,,county
2907,51183.0,VA,Sussex,4.0,1.0,-75.0,0.330988829,0.087519692,-73.558113075,0.0,0.0,0.0,0.0,0.0,0.0,12.0,9.0,-25.0,0.992966487,0.787677227,-20.674339226,0.0,0.0,0.0,0.0,0.0,0.0,18.666666666666668,16.0,-14.28571428571429,1.5591936741285222,1.4068407632111142,-9.77126276519576,3.0,1.0,-66.66666412353516,0.2482621669769287,0.08765778690576552,-64.69144439697266,county
2908,51185.0,VA,Tazewell,8.0,8.0,0.0,0.178818901,0.19026780199999999,6.402511535,3.0,3.0,0.0,0.067057088,0.071350426,6.402511535,38.0,35.0,-7.894736842,0.84938978,0.8324216329999999,-1.9976867440000001,2.0,0.0,-100.0,0.0447047,0.0,-100.0,57.166666666666664,51.0,-10.787172011661804,1.2913767657600674,1.2410268889159266,-3.898930055049142,8.0,9.0,12.5,0.17883089184761047,0.21373610198497767,19.518556594848636,county
2909,51187.0,VA,Warren,5.0,6.0,20.0,0.13289743,0.153586239,15.567501152,1.0,1.0,0.0,0.026579500000000002,0.0255977,-3.69374904,26.0,19.0,-26.923076923000004,0.691066635,0.486356422,-29.622355068,1.0,1.0,0.0,0.026579500000000002,0.0255977,-3.69374904,30.499999999999996,31.583333333333336,3.551912568306031,0.8011557656947726,0.7983048134199463,-0.35585492820537384,3.0,3.0,0.0,0.07972998172044754,0.07671653479337692,-3.779565572738648,county
2910,51191.0,VA,Washington,12.0,13.0,8.333333332999999,0.21897011100000002,0.239688773,9.461867975,2.0,2.0,0.0,0.036495,0.0368752,1.041724284,39.0,36.0,-7.692307692000001,0.7116528590000001,0.663753526,-6.730716045,1.0,2.0,100.0,0.0182475,0.0368752,102.083448568,48.33333333333332,62.49999999999999,29.310344827586228,0.8757625173642566,1.1491716770551783,31.21955487587997,7.0,7.0,0.0,0.1277325600385666,0.1289823353290558,0.9784312844276428,county
2911,51193.0,VA,Westmoreland,5.0,6.0,20.0,0.283671848,0.339770089,19.775751741,0.0,0.0,0.0,0.0,0.0,0.0,10.0,10.0,0.0,0.567343697,0.566283482,-0.18687354899999997,3.0,4.0,33.333333333,0.170203109,0.226513393,33.084168601,19.416666666666668,18.583333333333336,-4.291845493562225,1.108004260823252,1.0451818522684666,-5.669870665308449,3.0,3.0,0.0,0.17011624574661255,0.17009694874286652,-0.011343422345817087,county
2912,51195.0,VA,Wise,9.0,10.0,11.111111111,0.217186708,0.256186914,17.956994757,0.0,0.0,0.0,0.0,0.0,0.0,35.0,31.0,-11.428571429000002,0.8446149759999999,0.7941794329999999,-5.97142418,0.0,2.0,,0.0,0.0512374,,60.91666666666666,59.08333333333333,-3.0095759233926054,1.4887498574384541,1.5312116657164083,2.8521788308355775,8.0,9.0,12.5,0.19294776022434235,0.23061548173427585,19.52223777770996,county
2913,51197.0,VA,Wythe,5.0,5.0,0.0,0.171303275,0.172759312,0.8499758140000001,1.0,1.0,0.0,0.0342607,0.0345519,0.8499758140000001,27.0,24.0,-11.111111111,0.925037687,0.829244696,-10.355577054,1.0,1.0,0.0,0.0342607,0.0345519,0.8499758140000001,30.833333333333336,37.41666666666667,21.351351351351358,1.054095016694586,1.2955012349098631,22.901751207616453,6.0,6.0,0.0,0.20557096600532526,0.2073684930801392,0.8744070529937744,county
2914,51199.0,VA,York,10.0,7.0,-30.0,0.151834925,0.103333235,-31.943698149,3.0,2.0,-33.333333333,0.0455505,0.0295238,-35.184474427,30.0,22.0,-26.666666666999998,0.455504775,0.324761595,-28.70292187,4.0,1.0,-75.0,0.060734,0.0147619,-75.69417791,44.50000000000001,39.83333333333333,-10.486891385767816,0.672754210383092,0.5880413548079146,-12.591947291855465,9.0,9.0,0.0,0.1367490142583847,0.13271987438201904,-2.946375846862793,county
2915,51510.0,VA,Alexandria,30.0,37.0,23.333333333000002,0.20747174899999998,0.235237272,13.382796738,1.0,1.0,0.0,0.00691572,0.00635776,-8.068002645,45.0,47.0,4.444444444,0.31120762399999996,0.298814913,-3.982136096,9.0,10.0,11.111111111,0.0622415,0.06357764099999999,2.146663728,65.66666666666669,67.49999999999999,2.791878172588781,0.4488678050136484,0.4217827350267128,-6.034086135028564,10.0,10.0,0.0,0.06933850795030594,0.06367601454257965,-8.166448593139647,city
2916,51515.0,VA,Bedford,2.0,3.0,50.0,0.0,0.0,0.0,0.0,1.0,,0.0,0.0,0.0,10.0,6.0,-40.0,0.0,0.0,0.0,1.0,1.0,0.0,0.0,0.0,0.0,12.416666666666666,3.0,-75.83892617449665,2.0819360608093,,,1.0,1.0,0.0,,,,city
2917,51520.0,VA,Bristol,5.0,5.0,0.0,0.28215112,0.29538607,4.690730785,0.0,0.0,0.0,0.0,0.0,0.0,22.0,26.0,18.181818182,1.2414649290000002,1.5360075619999998,23.72540911,2.0,2.0,0.0,0.112860448,0.118154428,4.690730785,31.666666666666668,29.5,-6.842105263157898,1.7929264333975017,1.7569982132221562,-2.0038870254850982,4.0,5.0,25.0,0.2257845997810364,0.2968592345714569,31.47895622253418,city
2918,51530.0,VA,Buena Vista,0.0,1.0,,0.0,0.156641604,,0.0,0.0,0.0,0.0,0.0,0.0,3.0,3.0,0.0,0.446428571,0.469924812,5.263157895,1.0,0.0,-100.0,0.148809524,0.0,-100.0,5.0,7.5,50.0,0.745489786789921,1.1853959222380277,59.00900900900902,1.0,1.0,0.0,0.14903129637241366,0.15718327462673187,5.469977378845215,city
2919,51540.0,VA,Charlottesville,20.0,20.0,0.0,0.456256416,0.422958169,-7.2981432139999995,0.0,0.0,0.0,0.0,0.0,0.0,31.0,26.0,-16.129032258,0.707197445,0.54984562,-22.250055599,7.0,8.0,14.285714286,0.159689746,0.169183268,5.944979184,48.25,46.083333333333336,-4.490500863557854,1.0976885976885975,0.9596895673240454,-12.571783168298985,3.0,5.0,66.66666412353516,0.06855889409780502,0.10585147142410277,54.39495086669922,city
2920,51550.0,VA,Chesapeake,24.0,28.0,16.666666667,0.10648635,0.11783470300000001,10.657096805,7.0,7.0,0.0,0.0310585,0.029458699999999997,-5.151059881,109.0,105.0,-3.6697247710000003,0.483625505,0.441880137,-8.631754931,10.0,8.0,-20.0,0.04436930000000001,0.0336671,-24.120847905,151.0,163.33333333333334,8.167770419426054,0.6610716365244268,0.6794316623474226,2.7773125949743234,21.0,25.0,19.0476188659668,0.0931958183646202,0.10522284358739853,12.905112266540527,city
2921,51570.0,VA,Colonial Heights,2.0,4.0,100.0,0.11570056699999999,0.226731663,95.964176397,2.0,2.0,0.0,0.11570056699999999,0.11336583199999999,-2.017911801,12.0,14.0,16.666666667,0.6942034020000001,0.7935608209999999,14.312436232,2.0,1.0,-50.0,0.11570056699999999,0.05668290000000001,-51.00895590100001,23.083333333333332,26.166666666666664,13.357400722021657,1.3206323779011004,1.4675640306599365,11.125855705003731,3.0,3.0,0.0,0.1736111044883728,0.1710864007472992,-1.4542293548583984,city
2922,51580.0,VA,Covington,1.0,1.0,0.0,0.169004563,0.17914725899999998,6.001433177999999,1.0,1.0,0.0,0.169004563,0.17914725899999998,6.001433177999999,9.0,7.0,-22.222222222,1.5210410680000002,1.254030813,-17.554440861,0.0,0.0,0.0,0.0,0.0,0.0,11.0,11.833333333333334,7.5757575757575815,1.906082134811991,2.1394563972759597,12.243662442541511,2.0,2.0,0.0,0.3380662500858307,0.3610759973526001,6.806283473968506,city
2923,51590.0,VA,Danville,14.0,16.0,14.285714286,0.328314807,0.384218236,17.027385840999997,2.0,2.0,0.0,0.046902099999999995,0.0480273,2.398962611,39.0,41.0,5.128205128,0.914591248,0.98455923,7.650191463,2.0,2.0,0.0,0.046902099999999995,0.0480273,2.398962611,83.5,92.66666666666664,10.978043912175622,1.942041120104196,2.2530188832158187,16.012934015266307,9.0,8.0,-11.11111068725586,0.2110595256090164,0.1921183466911316,-8.974329948425293,city
2924,51595.0,VA,Emporia,4.0,3.0,-25.0,0.6851661529999999,0.558139535,-18.539534884000002,1.0,1.0,0.0,0.17129153800000002,0.186046512,8.613953488,14.0,15.0,7.142857143,2.398081535,2.7906976739999996,16.372093022999998,0.0,0.0,0.0,0.0,0.0,0.0,20.416666666666668,2.5,-87.75510204081633,3.5569105691056917,0.473305566073457,-86.6933520852491,3.0,3.0,0.0,0.5136986374855042,0.5586591958999634,8.752322196960451,city
2925,51600.0,VA,Fairfax,16.0,18.0,12.5,0.711680455,0.755445503,6.14953624,2.0,1.0,-50.0,0.088960057,0.0419692,-52.822428338,22.0,18.0,-18.181818182,0.9785606259999999,0.755445503,-22.80033728,3.0,4.0,33.333333333,0.133440085,0.167876778,25.806857766,26.916666666666668,24.0,-10.835913312693503,1.1472940909026328,0.9959746026476324,-13.189250206627484,4.0,5.0,25.0,0.17807060480117798,0.20977553725242612,17.804697036743164,city
2926,51610.0,VA,Falls Church,9.0,10.0,11.111111111,0.707825403,0.7210845109999999,1.873217319,1.0,0.0,-100.0,0.078647267,0.0,-100.0,11.0,10.0,-9.090909091,0.865119937,0.7210845109999999,-16.64918583,2.0,3.0,50.0,0.157294534,0.216325353,37.52884338,15.0,14.166666666666666,-5.55555555555556,1.1338725527250737,0.9714507760177375,-14.324517893742334,1.0,1.0,0.0,0.07877116650342941,0.07255841046571733,-7.887094020843506,city
2927,51620.0,VA,Franklin,2.0,2.0,0.0,0.23674242399999998,0.243072436,2.673796791,1.0,1.0,0.0,0.11837121199999999,0.121536218,2.673796791,11.0,12.0,9.090909091,1.302083333,1.458434614,12.007778318,0.0,1.0,,0.0,0.121536218,,12.666666666666668,14.75,16.447368421052623,1.4853033145716072,1.8040606653620352,21.460758059532395,3.0,3.0,0.0,0.3551556766033173,0.3666137158870697,3.2262020111083984,city
2928,51630.0,VA,Fredericksburg,10.0,6.0,-40.0,0.388183689,0.212231615,-45.327013547,1.0,1.0,0.0,0.0388184,0.0353719,-8.878355912,18.0,17.0,-5.555555556,0.6987306390000001,0.60132291,-13.940669473,2.0,5.0,150.0,0.077636738,0.17685968,127.804110219,26.416666666666668,32.08333333333333,21.45110410094635,0.9673954175364072,1.1312881993417958,16.941653726535325,3.0,3.0,0.0,0.11650485545396805,0.10571196675300598,-9.263895988464355,city
2929,51640.0,VA,Galax,4.0,4.0,0.0,0.584368152,0.6002400960000001,2.716086435,1.0,1.0,0.0,0.146092038,0.15006002400000001,2.716086435,8.0,10.0,25.0,1.168736304,1.50060024,28.395108043,0.0,0.0,0.0,0.0,0.0,0.0,15.166666666666666,16.75,10.439560439560443,2.1955220999806984,2.5283018867924527,15.157205059091863,3.0,4.0,33.33333206176758,0.4382120966911316,0.6082724928855896,38.80778121948242,city
2930,51650.0,VA,Hampton,19.0,18.0,-5.263157895,0.13912585,0.133006237,-4.398617357,2.0,2.0,0.0,0.014644799999999998,0.0147785,0.912570567,79.0,86.0,8.860759494,0.578470641,0.635474241,9.854190744,10.0,11.0,10.0,0.073224132,0.081281589,11.003827624000001,131.41666666666666,126.25,-3.9315155358275136,0.960395412513276,0.9374837564695659,-2.3856482179305827,15.0,17.0,13.333333015441895,0.10986757278442384,0.1257043182849884,14.41439437866211,city
2931,51660.0,VA,Harrisonburg,15.0,18.0,20.0,0.300012,0.33368555699999997,11.224069852000001,2.0,2.0,0.0,0.0400016,0.0370762,-7.313275124,30.0,31.0,3.333333333,0.600024001,0.574680681,-4.223717628,4.0,6.0,50.0,0.0800032,0.111228519,39.030087314,47.41666666666667,54.083333333333336,14.059753954305792,0.9300850643703864,0.9975713978296288,7.255931316876571,8.0,10.0,25.0,0.16021789610385895,0.18621626496315,16.22688102722168,city
2932,51670.0,VA,Hopewell,8.0,7.0,-12.5,0.355476561,0.309474336,-12.941000928,0.0,0.0,0.0,0.0,0.0,0.0,17.0,16.0,-5.882352941000001,0.755387692,0.70736991,-6.356706881,0.0,2.0,,0.0,0.088421239,,31.5,33.0,4.761904761904762,1.409522104886343,1.4588214490959728,3.4975928393549167,4.0,2.0,-50.0,0.17779357731342316,0.08867999911308289,-50.12193298339844,city
2933,51678.0,VA,Lexington,5.0,3.0,-40.0,0.717772036,0.42331028600000004,-41.024410893,0.0,0.0,0.0,0.0,0.0,0.0,1.0,2.0,100.0,0.143554407,0.282206858,96.585297023,2.0,0.0,-100.0,0.287108814,0.0,-100.0,4.0,7.0,75.0,0.5715918833952558,0.9850830284266816,72.34027582324796,1.0,1.0,0.0,0.14361625909805298,0.1410636156797409,-1.7774056196212769,city
2934,51680.0,VA,Lynchburg,16.0,18.0,12.5,0.208828213,0.225247773,7.862711482999999,3.0,3.0,0.0,0.039155300000000004,0.0375413,-4.122034238,40.0,43.0,7.5,0.522070532,0.538091901,3.068813195,6.0,6.0,0.0,0.07831058,0.07508259099999999,-4.122034238,74.33333333333331,78.16666666666669,5.1569506726457925,0.9639533325552542,0.96508014898039,0.11689532958497251,13.0,10.0,-23.076923370361328,0.16975268721580505,0.1249406561255455,-26.398422241210934,city
2935,51683.0,VA,Manassas,16.0,17.0,6.25,0.408434166,0.410063439,0.398907302,0.0,1.0,,0.0,0.0241214,,21.0,22.0,4.7619047619999995,0.5360698420000001,0.530670333,-1.00723986,5.0,1.0,-80.0,0.127635677,0.0241214,-81.101382155,36.833333333333336,29.0,-21.26696832579186,0.9071132454952184,0.6987783426905376,-22.966801977513278,5.0,4.0,-20.0,0.12781186401844025,0.09653674066066742,-24.469655990600586,city
2936,51685.0,VA,Manassas Park,2.0,3.0,50.0,0.132520541,0.18650917,40.739819708,0.0,0.0,0.0,0.0,0.0,0.0,5.0,7.0,40.0,0.331301352,0.43518806299999996,31.357165061,2.0,1.0,-50.0,0.132520541,0.0621697,-53.086726764,7.833333333333334,2.0,-74.46808510638297,0.4958433556990337,0.12054728467241276,-75.68843400100285,,,,,,,city
2937,51690.0,VA,Martinsville,5.0,4.0,-20.0,0.367836386,0.304901288,-17.109535788,1.0,1.0,0.0,0.073567277,0.076225322,3.613080265,11.0,10.0,-9.090909091,0.80924005,0.7622532209999999,-5.806290668,0.0,0.0,0.0,0.0,0.0,0.0,21.833333333333332,22.583333333333332,3.435114503816794,1.5898444136993617,1.7184091716126413,8.086625131708725,2.0,3.0,50.0,0.1471129059791565,0.23009663820266724,56.4081916809082,city
2938,51700.0,VA,Newport News,33.0,31.0,-6.0606060610000005,0.183195936,0.171851786,-6.192359097000001,3.0,4.0,33.333333333,0.0166542,0.022174400000000004,33.146329024,92.0,94.0,2.173913043,0.510728065,0.521098964,2.030610828,11.0,11.0,0.0,0.0610653,0.060979700000000005,-0.140253232,159.16666666666663,166.66666666666666,4.712041884816773,0.8807070740605482,0.9290848142945272,5.493056847032112,18.0,17.0,-5.55555534362793,0.0999455824494362,0.09435062110424043,-5.598007678985597,city
2939,51710.0,VA,Norfolk,39.0,40.0,2.564102564,0.160016412,0.162911555,1.809279024,5.0,5.0,0.0,0.0205149,0.0203639,-0.7359529509999999,129.0,124.0,-3.875968992,0.529285055,0.505025821,-4.583396635,18.0,19.0,5.555555556,0.073853729,0.077382989,4.778716329,195.75,197.5833333333333,0.9365687526606825,0.7964374933884499,0.8074414017536903,1.3816411779440625,23.0,23.0,0.0,0.0944046750664711,0.09355564415454863,-0.8993526101112366,city
2940,51720.0,VA,Norton,2.0,2.0,0.0,0.48828125,0.501504514,2.708124373,1.0,1.0,0.0,0.244140625,0.250752257,2.708124373,5.0,5.0,0.0,1.220703125,1.253761284,2.708124373,1.0,1.0,0.0,0.244140625,0.250752257,2.708124373,10.416666666666666,9.25,-11.199999999999994,2.560635857096034,2.3501016260162597,-8.221951219512198,2.0,2.0,0.0,0.4893564879894257,0.5067139863967896,3.5470049381256104,city
2941,51730.0,VA,Petersburg,14.0,15.0,7.142857143,0.436422582,0.47095761399999997,7.91320924,1.0,1.0,0.0,0.031173000000000003,0.0313972,0.71899529,35.0,36.0,2.857142857,1.091056454,1.130298273,3.59668087,3.0,2.0,-33.333333333,0.093519125,0.062794349,-32.85400314,59.416666666666664,57.66666666666667,-2.9453015427769866,1.858338806701488,1.8162729658792651,-2.263626022904203,8.0,7.0,-12.5,0.24935324490070346,0.22083412110805511,-11.437237739562988,city
2942,51735.0,VA,Poquoson,3.0,2.0,-33.333333333,0.24919013199999998,0.167406043,-32.8199548,0.0,0.0,0.0,0.0,0.0,0.0,4.0,4.0,0.0,0.332253509,0.334812087,0.7700677990000001,2.0,2.0,0.0,0.166126755,0.167406043,0.7700677990000001,8.833333333333334,8.916666666666666,0.9433962264150809,0.7302085916618446,0.7397881578583477,1.3118944786313023,1.0,2.0,100.0,0.08307027816772461,0.16746211051940918,101.59088897705078,city
2943,51740.0,VA,Portsmouth,13.0,11.0,-15.384615385,0.135787253,0.11579313,-14.724594542,1.0,1.0,0.0,0.010445200000000002,0.0105266,0.780024632,56.0,60.0,7.142857143,0.584929704,0.6315988929999999,7.97859782,6.0,5.0,-16.666666667,0.06267104,0.0526332,-16.01664614,102.08333333333333,97.41666666666667,-4.571428571428562,1.058187346670813,1.0300793751497976,-2.6562377266602573,13.0,10.0,-23.076923370361328,0.13580428063869476,0.10515910387039183,-22.565692901611328,city
2944,51750.0,VA,Radford,2.0,2.0,0.0,0.11887779400000001,0.114876508,-3.365881677,0.0,0.0,0.0,0.0,0.0,0.0,10.0,9.0,-10.0,0.594388968,0.516944285,-13.029293509,0.0,1.0,,0.0,0.057438300000000005,,11.25,14.916666666666666,32.59259259259259,0.6742583158525622,0.8447540302790048,25.286408846268383,2.0,2.0,0.0,0.11898387968540193,0.11481056362390518,-3.5074634552001958,city
2945,51760.0,VA,Richmond,57.0,65.0,14.035087719000002,0.276149411,0.288519584,4.479521573,1.0,2.0,100.0,0.00484473,0.0088775,83.241007067,144.0,154.0,6.944444444,0.697640618,0.683569476,-2.016961499,17.0,21.0,23.529411765,0.082360351,0.09321401900000001,13.17826907,248.4166666666666,230.5,-7.21234485072121,1.1811984587757376,1.0152753796821592,-14.047011140325283,24.0,25.0,4.166666507720946,0.11632134020328523,0.1109474003314972,-4.619908809661865,city
2946,51770.0,VA,Roanoke,28.0,28.0,0.0,0.289118807,0.280721454,-2.9044644739999996,3.0,5.0,66.666666667,0.030976999999999998,0.0501288,61.825892544,54.0,56.0,3.7037037039999996,0.557586271,0.561442908,0.691666472,5.0,5.0,0.0,0.0516284,0.0501288,-2.9044644739999996,134.75,131.75,-2.2263450834879404,1.382490843242467,1.3196510311808247,-4.545405300063975,10.0,10.0,0.0,0.10333140194416046,0.10042984038591383,-2.8080153465271,city
2947,51775.0,VA,Salem,7.0,6.0,-14.285714286,0.279899236,0.23486123600000003,-16.090790644000002,1.0,1.0,0.0,0.039985599999999996,0.0391435,-2.105922418,20.0,22.0,10.0,0.799712104,0.861157866,7.683485341,1.0,2.0,100.0,0.039985599999999996,0.07828707900000001,95.788155165,28.666666666666664,28.5,-0.581395348837201,1.1480443198504873,1.1020029386745032,-4.010418446387174,6.0,5.0,-16.66666603088379,0.23979857563972476,0.19655632972717285,-18.03273582458496,city
2948,51790.0,VA,Staunton,4.0,8.0,100.0,0.166465521,0.329801707,98.12013027200001,1.0,1.0,0.0,0.0416164,0.0412252,-0.939934864,21.0,18.0,-14.285714286,0.8739439840000001,0.74205384,-15.091372740999999,4.0,3.0,-25.0,0.166465521,0.12367564,-25.704951148000003,27.0,26.833333333333332,-0.6172839506172884,1.1287153547092512,1.0939878234398783,-3.0767306499802554,5.0,6.0,20.0,0.208159863948822,0.2472595423460007,18.783485412597656,city
2949,51800.0,VA,Suffolk,14.0,14.0,0.0,0.165183944,0.15678545,-5.0843281739999995,2.0,2.0,0.0,0.0235977,0.022397900000000002,-5.0843281739999995,39.0,38.0,-2.564102564,0.460155273,0.42556050799999995,-7.518063349,5.0,4.0,-20.0,0.0589943,0.044795800000000004,-24.067462539,58.91666666666667,70.83333333333334,20.226308345120234,0.6916644165561179,0.7849699495033451,13.490000455973567,10.0,11.0,10.0,0.11799270659685135,0.12314995378255846,4.370818614959717,city
2950,51810.0,VA,Virginia Beach,71.0,77.0,8.450704225,0.16031865,0.170578905,6.399913335,5.0,8.0,60.0,0.011290000000000001,0.0177225,56.974417595,183.0,160.0,-12.568306010999999,0.41321567600000003,0.35444967299999997,-14.22162973,32.0,31.0,-3.125,0.072256293,0.068674624,-4.956895597,269.58333333333337,289.74999999999994,7.480680061823766,0.6030663734664219,0.6432670640602971,6.66604744728211,45.0,48.0,6.666666507720947,0.10168664157390593,0.1063980683684349,4.633279800415039,city
2951,51820.0,VA,Waynesboro,8.0,10.0,25.0,0.379057095,0.458673516,21.00380699,1.0,1.0,0.0,0.047382099999999996,0.0458674,-3.1969544080000003,17.0,14.0,-17.647058824000002,0.8054963279999999,0.642142923,-20.279844806,0.0,0.0,0.0,0.0,0.0,0.0,27.416666666666664,30.916666666666668,12.765957446808523,1.2989371614472291,1.384721040295009,6.604159261422817,5.0,7.0,40.0,0.2369443625211716,0.3211303651332855,35.52986145019531,city
2952,51830.0,VA,Williamsburg,4.0,5.0,25.0,0.283366393,0.334403424,18.010968432000002,0.0,0.0,0.0,0.0,0.0,0.0,10.0,11.0,10.0,0.708415982,0.735687533,3.84965222,1.0,4.0,300.0,0.07084159799999999,0.267522739,277.635098983,11.416666666666666,15.416666666666668,35.036496350364985,0.752730709215182,1.0256580844033445,36.258302185216266,1.0,1.0,0.0,0.07094211131334305,0.06745817512273787,-4.910956382751465,city
2953,51840.0,VA,Winchester,12.0,9.0,-25.0,0.45007876399999996,0.32648915300000003,-27.459551622,1.0,1.0,0.0,0.037506599999999994,0.0362766,-3.279402162,17.0,18.0,5.882352941000001,0.637611582,0.652978307,2.41004477,4.0,2.0,-50.0,0.150026255,0.072553145,-51.639701081000005,34.416666666666664,32.83333333333333,-4.600484261501218,1.2803343129595872,1.1754737696310085,-8.190090843241236,4.0,5.0,25.0,0.15002626180648804,0.18010230362415314,20.04718399047852,city
