,FIPS,State,County,DIRSALES_FARMS07,DIRSALES_FARMS12,PCH_DIRSALES_FARMS_07_12,PCT_LOCLFARM07,PCT_LOCLFARM12,PCT_LOCLSALE07,PCT_LOCLSALE12,DIRSALES07,DIRSALES12,PCH_DIRSALES_07_12,PC_DIRSALES07,PC_DIRSALES12,PCH_PC_DIRSALES_07_12,FMRKT13,FMRKT18,PCH_FMRKT_13_18,FMRKTPTH13,FMRKTPTH18,PCH_FMRKTPTH_13_18,FMRKT_SNAP18,PCT_FMRKT_SNAP18,FMRKT_WIC18,PCT_FMRKT_WIC18,FMRKT_WICCASH18,PCT_FMRKT_WICCASH18,FMRKT_SFMNP18,PCT_FMRKT_SFMNP18,FMRKT_CREDIT18,PCT_FMRKT_CREDIT18,FMRKT_FRVEG18,PCT_FMRKT_FRVEG18,FMRKT_ANMLPROD18,PCT_FMRKT_ANMLPROD18,FMRKT_BAKED18,PCT_FMRKT_BAKED18,FMRKT_OTHERFOOD18,PCT_FMRKT_OTHERFOOD18,VEG_FARMS07,VEG_FARMS12,PCH_VEG_FARMS_07_12,VEG_ACRES07,VEG_ACRES12,PCH_VEG_ACRES_07_12,VEG_ACRESPTH07,VEG_ACRESPTH12,PCH_VEG_ACRESPTH_07_12,FRESHVEG_FARMS07,FRESHVEG_FARMS12,PCH_FRESHVEG_FARMS_07_12,FRESHVEG_ACRES07,FRESHVEG_ACRES12,PCH_FRESHVEG_ACRES_07_12,FRESHVEG_ACRESPTH07,FRESHVEG_ACRESPTH12,PCH_FRESHVEG_ACRESPTH_07_12,ORCHARD_FARMS07,ORCHARD_FARMS12,PCH_ORCHARD_FARMS_07_12,ORCHARD_ACRES07,ORCHARD_ACRES12,PCH_ORCHARD_ACRES_07_12,ORCHARD_ACRESPTH07,ORCHARD_ACRESPTH12,PCH_ORCHARD_ACRESPTH_07_12,BERRY_FARMS07,BERRY_FARMS12,PCH_BERRY_FARMS_07_12,BERRY_ACRES07,BERRY_ACRES12,PCH_BERRY_ACRES_07_12,BERRY_ACRESPTH07,BERRY_ACRESPTH12,PCH_BERRY_ACRESPTH_07_12,SLHOUSE07,SLHOUSE12,PCH_SLHOUSE_07_12,GHVEG_FARMS07,GHVEG_FARMS12,PCH_GHVEG_FARMS_07_12,GHVEG_SQFT07,GHVEG_SQFT12,PCH_GHVEG_SQFT_07_12,GHVEG_SQFTPTH07,GHVEG_SQFTPTH12,PCH_GHVEG_SQFTPTH_07_12,FOODHUB18,CSA07,CSA12,PCH_CSA_07_12,AGRITRSM_OPS07,AGRITRSM_OPS12,PCH_AGRITRSM_OPS_07_12,AGRITRSM_RCT07,AGRITRSM_RCT12,PCH_AGRITRSM_RCT_07_12,FARM_TO_SCHOOL13,FARM_TO_SCHOOL15,geo_type
2820,51001.0,VA,Accomack,16.0,21.0,31.25,6.451612903225807,9.292035398230091,0.04312598013591218,0.16550810989738501,66.0,285.0,331.8181818181818,1.9101091077475183,8.554961877889173,347.87817843440104,2.0,3.0,50.0,0.06066856905817985,0.09255830943584442,52.56385803222656,1.0,33.33333206176758,0.0,0.0,0.0,0.0,1.0,33.33333206176758,2.0,66.66666412353516,3.0,100.0,3.0,100.0,3.0,100.0,3.0,100.0,35.0,23.0,-34.285714285714285,6270.0,5124.0,22.365339578454332,181.46036523601424,188.20916131356188,3.7191571111244577,30.0,18.0,-40.0,3715.0,2898.0,-21.99192462987887,107.51598992851562,86.99045446358888,-19.090681747499698,8.0,8.0,0.0,49.0,43.0,-12.244897959183673,1.418111307267097,1.2907486342078405,-8.981147841258144,3.0,2.0,-33.33333333333333,,,,,,,1.0,1.0,0.0,0.0,0.0,,0.0,0.0,,0.0,0.0,,,1.0,0.0,-100.0,1.0,6.0,500.0,,15000.0,,1.0,1.0,county
2821,51003.0,VA,Albemarle,64.0,87.0,35.9375,7.150837988826815,9.19661733615222,2.6929759245470337,,651.0,,,6.8519824437684855,,,5.0,5.0,0.0,0.048888757824897766,0.04599054530262947,-5.928177833557129,0.0,0.0,0.0,0.0,0.0,0.0,0.0,0.0,1.0,20.0,3.0,60.0,3.0,60.0,3.0,60.0,3.0,60.0,24.0,31.0,29.166666666666668,53.0,42.0,26.190476190476193,0.5578418886631793,0.5198014946744866,-6.819207155606997,23.0,29.0,26.08695652173913,,,,,,,49.0,68.0,38.775510204081634,1411.0,2139.0,51.5946137491141,14.851224620825395,20.97840371903258,41.25706300081974,7.0,22.0,214.28571428571428,16.0,28.0,75.0,0.168405098464356,0.27461211039406835,63.066387477687755,0.0,0.0,0.0,4.0,5.0,25.0,4144.0,19860.0,,43.61692050226821,194.7784468723642,,,7.0,7.0,0.0,11.0,25.0,127.27272727272727,1211000.0,1693000.0,39.8018166804294,,,county
2822,51005.0,VA,Alleghany,8.0,22.0,175.0,3.827751196172249,10.628019323671495,1.1379800853485065,1.0526315789473684,24.0,31.0,29.166666666666668,1.4519056261343013,1.909690137374484,31.52990821166759,0.0,0.0,0.0,0.0,0.0,0.0,0.0,0.0,0.0,0.0,0.0,0.0,0.0,0.0,0.0,0.0,0.0,0.0,0.0,0.0,0.0,0.0,0.0,0.0,0.0,3.0,,0.0,8.0,-100.0,0.0,0.0,,0.0,3.0,,0.0,,,0.0,,,2.0,2.0,0.0,,,,,,,0.0,0.0,,0.0,0.0,,0.0,0.0,,0.0,0.0,0.0,0.0,0.0,,0.0,0.0,,0.0,0.0,,,3.0,0.0,-100.0,1.0,2.0,100.0,,,,1.0,1.0,county
2823,51007.0,VA,Amelia,24.0,23.0,-4.166666666666666,5.2747252747252755,5.651105651105651,0.07127894798091469,0.09115313727061464,49.0,91.0,85.71428571428571,3.9366915722664095,7.142857142857142,81.44314868804666,1.0,1.0,0.0,0.07899518311023712,0.07684622704982758,-2.7203633785247803,0.0,0.0,0.0,0.0,0.0,0.0,0.0,0.0,0.0,0.0,1.0,100.0,1.0,100.0,1.0,100.0,1.0,100.0,13.0,3.0,-76.92307692307693,16.0,20.0,-20.0,1.2854503093114809,1.2558869701726845,-2.299843014128741,13.0,3.0,-76.92307692307693,16.0,,,1.2854503093114809,,,2.0,8.0,300.0,,6.0,,,0.47095761381475665,,1.0,2.0,100.0,,,,,,,1.0,2.0,100.0,0.0,0.0,,0.0,0.0,,0.0,0.0,,,2.0,0.0,-100.0,1.0,6.0,500.0,,12000.0,,0.0,0.0,county
2824,51009.0,VA,Amherst,10.0,19.0,90.0,2.358490566037736,4.460093896713615,,1.553565648937318,,144.0,,,4.437733058029523,,1.0,1.0,0.0,0.03094442375004292,0.03157961368560791,2.0526797771453857,0.0,0.0,0.0,0.0,0.0,0.0,0.0,0.0,1.0,100.0,1.0,100.0,1.0,100.0,1.0,100.0,1.0,100.0,9.0,6.0,-33.33333333333333,15.0,11.0,36.36363636363637,0.465795112256622,0.4622638602114087,-0.7581127307466966,9.0,4.0,-55.55555555555556,15.0,,,0.465795112256622,,,23.0,25.0,8.695652173913043,147.0,471.0,220.4081632653061,4.564792100114896,14.515085210638233,217.97910818924015,4.0,6.0,50.0,7.0,13.0,85.71428571428571,0.2173710523864236,0.4006286788498876,84.30636207147045,1.0,1.0,0.0,0.0,0.0,,0.0,0.0,,0.0,0.0,,,0.0,0.0,,6.0,1.0,-83.33333333333334,,,,1.0,1.0,county
2825,51011.0,VA,Appomattox,15.0,29.0,93.33333333333333,4.643962848297214,7.073170731707316,0.32167269802975473,1.085320446803454,24.0,137.0,470.8333333333333,1.6637781629116115,9.0506705423796,443.9830107242738,0.0,2.0,,0.0,0.12625466287136078,,0.0,0.0,0.0,0.0,0.0,0.0,0.0,0.0,2.0,100.0,2.0,100.0,2.0,100.0,2.0,100.0,2.0,100.0,9.0,18.0,100.0,22.0,57.0,-61.40350877192983,1.5251299826689775,1.4533923498711765,-4.703706150492177,9.0,17.0,88.88888888888889,,,,,,,9.0,5.0,-44.44444444444444,19.0,12.0,-36.84210526315789,1.317157712305026,0.7927594635660963,-39.81286704241611,1.0,4.0,300.0,,2.0,,,0.13212657726101604,,0.0,0.0,0.0,0.0,0.0,,0.0,0.0,,0.0,0.0,,,1.0,9.0,800.0,3.0,8.0,166.66666666666669,1000.0,103000.0,10200.0,1.0,1.0,county
2826,51013.0,VA,Arlington,6.0,2.0,-66.66666666666666,100.0,33.33333333333333,33.33333333333333,,7.0,,,0.036695516332125866,,,8.0,12.0,50.0,0.03556535392999649,0.0505218468606472,42.05354690551758,6.0,50.0,3.0,25.0,0.0,0.0,6.0,50.0,10.0,83.33333587646484,10.0,83.33333587646484,9.0,75.0,10.0,83.33333587646484,10.0,83.33333587646484,0.0,0.0,,0.0,0.0,,0.0,0.0,,0.0,0.0,,0.0,0.0,,0.0,0.0,,1.0,0.0,-100.0,,0.0,,,0.0,,0.0,0.0,,0.0,0.0,,0.0,0.0,,0.0,0.0,0.0,0.0,0.0,,0.0,0.0,,0.0,0.0,,,0.0,0.0,,0.0,2.0,,0.0,,,1.0,1.0,county
2827,51015.0,VA,Augusta,117.0,152.0,29.914529914529915,6.7669172932330826,8.909730363423213,0.5548882523843256,0.42650904500747466,1081.0,990.0,-8.418131359851989,14.79990690160321,13.412271551081787,-9.37597350947597,1.0,1.0,0.0,0.013542428612709044,0.013252580538392069,-2.140296220779419,0.0,0.0,0.0,0.0,0.0,0.0,0.0,0.0,1.0,100.0,0.0,0.0,0.0,0.0,0.0,0.0,0.0,0.0,35.0,51.0,45.714285714285715,172.0,169.0,1.7751479289940828,2.354841801180159,2.330212835137442,-1.0458862260035526,31.0,47.0,51.61290322580645,168.0,167.0,-0.5952380952380952,2.300078038362016,2.2624740899299582,-1.634898807991619,21.0,16.0,-23.809523809523807,135.0,110.0,-18.51851851851852,1.8482769951123343,1.490252394564643,-19.370722110076972,15.0,24.0,60.0,15.0,13.0,-13.333333333333334,0.20536411056803716,0.1761207375394578,-14.239768062536415,0.0,2.0,,10.0,19.0,90.0,39720.0,72916.0,,543.8041647841624,987.8476691097774,,,5.0,13.0,160.0,10.0,16.0,60.0,110000.0,36000.0,-67.27272727272727,1.0,1.0,county
2828,51017.0,VA,Bath,9.0,6.0,-33.33333333333333,7.5,5.172413793103448,2.507107779788059,0.049529470034670633,97.0,3.0,-96.90721649484536,20.062047569803514,0.6466910972192282,-96.7765448916959,1.0,1.0,0.0,0.2177700400352478,0.2329916059970856,6.989742755889893,0.0,0.0,0.0,0.0,0.0,0.0,0.0,0.0,1.0,100.0,1.0,100.0,1.0,100.0,1.0,100.0,1.0,100.0,9.0,3.0,-66.66666666666666,40.0,3.0,1233.3333333333335,8.273009307135471,8.622547962923043,4.225048501832283,9.0,3.0,-66.66666666666666,,3.0,,,0.6466910972192282,,7.0,4.0,-42.857142857142854,21.0,22.0,4.761904761904762,4.3433298862461225,4.742401379607673,9.188146049538563,4.0,2.0,-50.0,1.0,,,0.2068252326783868,,,0.0,0.0,0.0,0.0,0.0,,0.0,0.0,,0.0,0.0,,,0.0,0.0,,0.0,10.0,,0.0,126000.0,,1.0,1.0,county
2829,51019.0,VA,Bedford,43.0,76.0,76.74418604651163,3.011204481792717,5.5514974433893345,2.389309426142851,1.6016688470105716,565.0,453.0,-19.82300884955752,8.383784425451093,5.979092972915898,-28.682648914911834,1.0,2.0,100.0,0.013125598430633543,0.02539779245853424,93.4981689453125,1.0,50.0,0.0,0.0,0.0,0.0,0.0,0.0,2.0,100.0,2.0,100.0,2.0,100.0,2.0,100.0,2.0,100.0,29.0,22.0,-24.137931034482758,103.0,64.0,60.9375,1.5283713200379867,1.359484715696109,-11.050102951269732,29.0,22.0,-24.137931034482758,101.0,,,1.4986942070275404,,,34.0,41.0,20.588235294117645,261.0,287.0,9.961685823754788,3.8728632478632483,3.7880787709202264,-2.18919366672189,10.0,16.0,60.0,14.0,9.0,-35.714285714285715,0.20773979107312446,0.11878992661422312,-42.81792332581626,2.0,2.0,0.0,0.0,2.0,,0.0,,,0.0,,,,7.0,3.0,-57.14285714285714,13.0,13.0,0.0,165000.0,91000.0,-44.84848484848485,,,county
2830,51021.0,VA,Bland,19.0,20.0,5.263157894736842,4.909560723514212,5.524861878453039,0.98998369438621,0.5678165845296764,85.0,53.0,-37.64705882352941,12.265512265512266,7.912809793968348,-35.487327209175696,1.0,1.0,0.0,0.14983518421649933,0.1589067280292511,6.0543479919433585,0.0,0.0,0.0,0.0,0.0,0.0,0.0,0.0,0.0,0.0,1.0,100.0,1.0,100.0,1.0,100.0,1.0,100.0,4.0,2.0,-50.0,5.0,,,0.7215007215007215,0.746491489997014,3.463720513586133,3.0,2.0,-33.33333333333333,,,,,,,1.0,0.0,-100.0,,0.0,,,0.0,,0.0,1.0,,0.0,,,0.0,,,0.0,0.0,0.0,2.0,0.0,-100.0,,0.0,,,0.0,,,0.0,3.0,,1.0,2.0,100.0,,,,0.0,0.0,county
2831,51023.0,VA,Botetourt,33.0,40.0,21.21212121212121,5.172413793103448,6.849315068493151,1.5426631237082964,2.085115483319076,209.0,390.0,86.60287081339713,6.395153147088523,11.748403422099047,83.70792930029619,2.0,2.0,0.0,0.06062259525060654,0.06010157242417336,-0.8594532012939453,0.0,0.0,0.0,0.0,0.0,0.0,0.0,0.0,1.0,50.0,1.0,50.0,1.0,50.0,1.0,50.0,1.0,50.0,14.0,7.0,-50.0,57.0,120.0,-52.5,1.744132676478688,1.7170743463067841,-1.5513917339438412,12.0,5.0,-58.333333333333336,45.0,,,1.3769468498515958,,,12.0,15.0,25.0,377.0,514.0,36.339522546419104,11.535754719867814,15.483793228099772,34.22436246353544,5.0,0.0,-100.0,15.0,0.0,-100.0,0.4589822832838653,0.0,-100.0,0.0,0.0,0.0,0.0,0.0,,0.0,0.0,,0.0,0.0,,,0.0,1.0,,0.0,12.0,,0.0,55000.0,,1.0,1.0,county
2832,51025.0,VA,Brunswick,22.0,19.0,-13.636363636363635,5.994550408719347,6.089743589743589,0.38782077729185577,0.14011598489861052,47.0,36.0,-23.404255319148938,2.637042024350558,2.1120563215019073,-19.908128046535133,0.0,1.0,,0.0,0.06103515625,,0.0,0.0,0.0,0.0,0.0,0.0,0.0,0.0,1.0,100.0,1.0,100.0,1.0,100.0,1.0,100.0,1.0,100.0,14.0,19.0,35.714285714285715,35.0,28.0,25.0,1.9637546989844583,2.0533880903490758,4.564388383690219,14.0,19.0,35.714285714285715,,28.0,,,1.6427104722792607,,1.0,2.0,100.0,,,,,,,1.0,7.0,600.0,,3.0,,,0.1760046934584922,,0.0,0.0,0.0,0.0,1.0,,0.0,,,0.0,,,,9.0,2.0,-77.77777777777779,3.0,4.0,33.33333333333333,,9000.0,,1.0,1.0,county
2833,51027.0,VA,Buchanan,1.0,4.0,300.0,0.9345794392523364,3.883495145631068,,1.2526096033402925,,6.0,,,0.2510250188268764,,0.0,0.0,0.0,0.0,0.0,0.0,0.0,0.0,0.0,0.0,0.0,0.0,0.0,0.0,0.0,0.0,0.0,0.0,0.0,0.0,0.0,0.0,0.0,0.0,2.0,3.0,50.0,,2.0,,,,,2.0,3.0,50.0,,,,,,,2.0,5.0,150.0,,5.0,,,0.20918751568906366,,0.0,0.0,,0.0,0.0,,0.0,0.0,,0.0,0.0,0.0,0.0,0.0,,0.0,0.0,,0.0,0.0,,,0.0,0.0,,0.0,0.0,,0.0,0.0,,0.0,0.0,county
2834,51029.0,VA,Buckingham,23.0,26.0,13.043478260869565,5.59610705596107,6.649616368286447,0.20234846858999908,0.3736114941952308,66.0,149.0,125.75757575757575,3.943359024914859,8.738490411119582,121.60017274380068,1.0,1.0,0.0,0.05828864499926568,0.0588269904255867,0.9235854148864746,0.0,0.0,0.0,0.0,0.0,0.0,0.0,0.0,0.0,0.0,0.0,0.0,0.0,0.0,0.0,0.0,0.0,0.0,7.0,5.0,-28.57142857142857,8.0,9.0,-11.11111111111111,0.4779829121108921,0.46918069321447425,-1.8415342208668208,6.0,5.0,-16.666666666666664,,9.0,,,0.5278282798662836,,6.0,2.0,-66.66666666666666,12.0,,,0.7169743681663381,,,1.0,3.0,200.0,,2.0,,,0.11729517330361855,,0.0,0.0,0.0,0.0,0.0,,0.0,0.0,,0.0,0.0,,,0.0,2.0,,6.0,6.0,0.0,14000.0,274000.0,1857.1428571428573,1.0,1.0,county
2835,51031.0,VA,Campbell,43.0,51.0,18.6046511627907,5.955678670360111,6.7017082785808135,0.6391793253107122,1.9228388694037548,162.0,466.0,187.6543209876543,3.0128884673324783,8.490016032648303,181.7899210243621,1.0,1.0,0.0,0.01815771870315075,0.018190748989582062,0.18190768361091614,0.0,0.0,0.0,0.0,0.0,0.0,0.0,0.0,0.0,0.0,0.0,0.0,0.0,0.0,0.0,0.0,0.0,0.0,14.0,17.0,21.428571428571427,21.0,41.0,-48.78048780487805,0.39055961613569157,0.3825972890249235,-2.038696982947083,14.0,17.0,21.428571428571427,21.0,41.0,95.23809523809523,0.39055961613569157,0.7469756595248507,91.25778208091285,12.0,11.0,-8.333333333333332,32.0,29.0,-9.375,0.5951384626829586,0.5283486372248943,-11.222569140795798,4.0,10.0,150.0,,11.0,,,0.20040810377495996,,3.0,2.0,-33.33333333333333,4.0,9.0,125.0,10040.0,76488.0,,186.72469266677825,1393.5286401399214,,,2.0,2.0,0.0,1.0,11.0,1000.0,,6000.0,,0.0,0.0,county
2836,51033.0,VA,Caroline,25.0,8.0,-68.0,11.111111111111109,3.619909502262444,1.5613382899628252,1.831124202258223,168.0,373.0,122.02380952380953,6.088721368512613,12.870945479641133,111.38995694896316,2.0,2.0,0.0,0.0683620423078537,0.06499414891004562,-4.9265546798706055,1.0,50.0,0.0,0.0,0.0,0.0,0.0,0.0,1.0,50.0,2.0,100.0,2.0,100.0,2.0,100.0,2.0,100.0,10.0,11.0,10.0,364.0,236.0,54.23728813559322,13.192229631777327,12.56038647342995,-4.789510006901319,10.0,11.0,10.0,364.0,236.0,-35.16483516483517,13.192229631777327,8.143547273982056,-38.270121872606346,5.0,7.0,40.0,7.0,13.0,85.71428571428571,0.25369672368802554,0.44858523119392685,76.81948141575468,7.0,5.0,-28.57142857142857,24.0,22.0,-8.333333333333332,0.8698173383589447,0.7591442374051071,-12.723717506326212,0.0,0.0,0.0,1.0,1.0,0.0,,,,,,,,6.0,6.0,0.0,2.0,4.0,100.0,,,,1.0,1.0,county
2837,51035.0,VA,Carroll,53.0,60.0,13.20754716981132,5.2947052947052935,6.1224489795918355,2.5343280982378724,3.4063428452981417,873.0,1479.0,69.41580756013745,29.16513546921458,49.40209766851493,69.38751311702835,1.0,2.0,100.0,0.03343251720070839,0.06748548895120621,101.85584259033205,1.0,50.0,0.0,0.0,0.0,0.0,1.0,50.0,2.0,100.0,2.0,100.0,2.0,100.0,2.0,100.0,2.0,100.0,41.0,38.0,-7.317073170731707,1114.0,1863.0,-40.203972088030056,37.21645007182708,37.210234484601514,-0.01670118244371165,40.0,33.0,-17.5,,1803.0,,,60.22446389204356,,54.0,28.0,-48.148148148148145,642.0,433.0,-32.55451713395638,21.447900310693882,14.463223996258936,-32.565781327099884,4.0,7.0,75.0,10.0,10.0,0.0,0.334079444091805,0.33402364887434033,-0.016701182443703423,0.0,0.0,0.0,0.0,5.0,,0.0,2920.0,,0.0,97.53490547130737,,,3.0,5.0,66.66666666666666,8.0,11.0,37.5,20000.0,49000.0,145.0,1.0,1.0,county
2838,51036.0,VA,Charles City,11.0,10.0,-9.090909090909092,13.750000000000002,12.658227848101266,,,,,,,,,0.0,0.0,0.0,0.0,0.0,0.0,0.0,0.0,0.0,0.0,0.0,0.0,0.0,0.0,0.0,0.0,0.0,0.0,0.0,0.0,0.0,0.0,0.0,0.0,4.0,6.0,50.0,,18.0,,,,,3.0,6.0,100.0,,18.0,,,2.5111607142857144,,4.0,1.0,-75.0,4.0,,,0.5595970900951315,,,5.0,4.0,-20.0,5.0,,,0.6994963626189145,,,0.0,0.0,0.0,0.0,0.0,,0.0,0.0,,0.0,0.0,,,1.0,3.0,200.0,2.0,4.0,100.0,,6000.0,,0.0,,county
2839,51037.0,VA,Charlotte,17.0,17.0,0.0,3.476482617586912,3.281853281853281,0.19085938305994016,0.6042992896023619,37.0,131.0,254.05405405405403,2.917981072555205,10.56536817485281,262.0780228571179,0.0,0.0,0.0,0.0,0.0,0.0,0.0,0.0,0.0,0.0,0.0,0.0,0.0,0.0,0.0,0.0,0.0,0.0,0.0,0.0,0.0,0.0,0.0,0.0,12.0,28.0,133.33333333333331,307.0,195.0,57.43589743589743,24.21135646687697,24.76006129526575,2.266311799338669,12.0,28.0,133.33333333333331,,195.0,,,15.72707476409388,,8.0,23.0,187.5,28.0,104.0,271.42857142857144,2.2082018927444795,8.387773207516735,279.8463009689721,1.0,14.0,1300.0,,11.0,,,0.8871683200258086,,0.0,0.0,0.0,0.0,1.0,,0.0,,,0.0,,,,4.0,0.0,-100.0,8.0,8.0,0.0,62000.0,16000.0,-74.19354838709677,0.0,0.0,county
2840,51041.0,VA,Chesterfield,22.0,12.0,-45.45454545454545,10.0,6.091370558375635,,,,,,,,,10.0,8.0,-20.0,0.030521396547555923,0.02295183576643467,-24.80083274841309,1.0,12.5,0.0,0.0,0.0,0.0,0.0,0.0,4.0,50.0,6.0,75.0,6.0,75.0,6.0,75.0,6.0,75.0,11.0,5.0,-54.54545454545454,168.0,,,0.5514778292782205,0.5183569319440545,-6.005843857316071,11.0,5.0,-54.54545454545454,,,,,,,3.0,4.0,33.33333333333333,,,,,,,2.0,2.0,0.0,,,,,,,0.0,0.0,0.0,1.0,0.0,-100.0,,0.0,,,0.0,,,0.0,3.0,,7.0,9.0,28.57142857142857,410000.0,447000.0,9.024390243902438,1.0,0.0,county
2841,51043.0,VA,Clarke,54.0,72.0,33.33333333333333,10.887096774193546,15.094339622641508,0.803616273229533,1.5974071073040859,176.0,414.0,135.22727272727272,12.599327081394515,28.997688590039925,130.15267722401575,1.0,1.0,0.0,0.07017543911933899,0.06885629892349243,-1.879774808883667,0.0,0.0,0.0,0.0,0.0,0.0,0.0,0.0,0.0,0.0,0.0,0.0,0.0,0.0,0.0,0.0,0.0,0.0,15.0,14.0,-6.666666666666667,42.0,50.0,-16.0,3.006657598969146,2.941794494641732,-2.157315962737258,12.0,13.0,8.333333333333332,,,,,,,16.0,16.0,0.0,618.0,297.0,-51.94174757281553,44.24081895626029,20.802689640680818,-52.97851592383975,7.0,7.0,0.0,38.0,10.0,-73.68421052631578,2.72030925621018,0.7004272606289837,-74.25192525335191,0.0,0.0,0.0,3.0,2.0,-33.33333333333333,,,,,,,,6.0,7.0,16.666666666666664,7.0,12.0,71.42857142857143,,117000.0,,1.0,0.0,county
2842,51045.0,VA,Craig,13.0,28.0,115.38461538461537,6.735751295336788,13.526570048309178,1.1078823102070467,1.9443307408923451,61.0,95.0,55.73770491803278,11.703760552570989,18.27626010003848,56.15716006786974,0.0,0.0,0.0,0.0,0.0,0.0,0.0,0.0,0.0,0.0,0.0,0.0,0.0,0.0,0.0,0.0,0.0,0.0,0.0,0.0,0.0,0.0,0.0,0.0,7.0,7.0,0.0,14.0,24.0,-41.66666666666667,2.686108979278588,2.6933435936898804,0.26933435936897404,7.0,7.0,0.0,14.0,,,2.686108979278588,,,1.0,4.0,300.0,,8.0,,,1.5390534821085031,,6.0,3.0,-50.0,1.0,7.0,600.0,0.1918649270913277,1.3466717968449402,601.8853405155828,0.0,0.0,0.0,0.0,0.0,,0.0,0.0,,0.0,0.0,,,0.0,4.0,,2.0,8.0,300.0,,89000.0,,0.0,0.0,county
2843,51047.0,VA,Culpeper,50.0,65.0,30.0,7.496251874062969,8.891928864569083,0.6301359767107639,0.7642329625128541,171.0,327.0,91.22807017543859,3.756012915412832,6.8444407233757545,82.2262297152795,2.0,2.0,0.0,0.04114295169711113,0.03856611251831055,-6.263136386871338,0.0,0.0,0.0,0.0,0.0,0.0,0.0,0.0,0.0,0.0,0.0,0.0,0.0,0.0,0.0,0.0,0.0,0.0,20.0,32.0,60.0,44.0,67.0,-34.32835820895522,0.9664594636149977,0.9209645010046885,-4.707384460817149,20.0,32.0,60.0,,,,,,,20.0,15.0,-25.0,42.0,45.0,7.142857142857142,0.9225294879961341,0.9418955123911587,2.0992309348387685,4.0,12.0,200.0,4.0,8.0,100.0,0.08785995123772708,0.16744809109176154,90.58523107836568,0.0,0.0,0.0,0.0,0.0,,0.0,0.0,,0.0,0.0,,,9.0,5.0,-44.44444444444444,7.0,17.0,142.85714285714286,58000.0,694000.0,1096.551724137931,1.0,1.0,county
2844,51049.0,VA,Cumberland,6.0,13.0,116.66666666666667,2.1052631578947367,4.961832061068702,,0.2852685535992868,,128.0,,,12.977795802494171,,0.0,0.0,0.0,0.0,0.0,0.0,0.0,0.0,0.0,0.0,0.0,0.0,0.0,0.0,0.0,0.0,0.0,0.0,0.0,0.0,0.0,0.0,0.0,0.0,11.0,5.0,-54.54545454545454,,,,,,,9.0,5.0,-44.44444444444444,,,,,,,7.0,6.0,-14.285714285714285,25.0,26.0,4.0,2.5609506248719525,2.6361147723816285,2.93500963195783,2.0,2.0,0.0,,,,,,,0.0,0.0,0.0,0.0,0.0,,0.0,0.0,,0.0,0.0,,,3.0,0.0,-100.0,6.0,7.0,16.666666666666664,13000.0,23000.0,76.92307692307693,1.0,1.0,county
2845,51051.0,VA,Dickenson,8.0,7.0,-12.5,4.705882352941177,4.761904761904762,1.2903225806451613,0.8962868117797695,8.0,7.0,-12.5,0.5009078955607038,0.4467134652201659,-10.819240587109134,1.0,1.0,0.0,0.06441223621368407,0.06885629892349243,6.899407386779785,0.0,0.0,0.0,0.0,0.0,0.0,0.0,0.0,0.0,0.0,0.0,0.0,0.0,0.0,0.0,0.0,0.0,0.0,1.0,7.0,600.0,,4.0,,,,,1.0,3.0,200.0,,3.0,,,0.1914486279514997,,7.0,6.0,-14.285714285714285,9.0,8.0,-11.11111111111111,0.5635213825057918,0.5105296745373324,-9.403672977380708,0.0,2.0,,0.0,,,0.0,,,0.0,0.0,0.0,0.0,0.0,,0.0,0.0,,0.0,0.0,,,0.0,0.0,,0.0,0.0,,0.0,0.0,,0.0,0.0,county
2846,51053.0,VA,Dinwiddie,23.0,29.0,26.08695652173913,6.149732620320856,7.571801566579634,0.9928514694201748,0.3830954109202355,125.0,95.0,-24.0,4.61629367013812,3.3602150537634414,-27.209677419354843,0.0,0.0,0.0,0.0,0.0,0.0,0.0,0.0,0.0,0.0,0.0,0.0,0.0,0.0,0.0,0.0,0.0,0.0,0.0,0.0,0.0,0.0,0.0,0.0,20.0,19.0,-5.0,82.0,97.0,-15.463917525773196,3.0282886476106063,2.9003961516694963,-4.223259762308999,20.0,19.0,-5.0,80.0,,,2.9544279488883967,,,4.0,6.0,50.0,3.0,3.0,0.0,0.11079104808331487,0.10611205432937182,-4.223259762309,7.0,9.0,28.57142857142857,4.0,6.0,50.0,0.14772139744441984,0.21222410865874364,43.66511035653649,0.0,0.0,0.0,2.0,5.0,150.0,,11200.0,,,396.15166949632146,,,7.0,2.0,-71.42857142857143,4.0,6.0,50.0,,10000.0,,1.0,0.0,county
2847,51057.0,VA,Essex,5.0,5.0,0.0,4.901960784313727,5.1020408163265305,0.04054738976178408,0.10536945163981208,4.0,24.0,500.0,0.3724741596051774,2.15034495116925,477.3138607651644,1.0,1.0,0.0,0.08962982892990112,0.09158347547054292,2.1796834468841557,0.0,0.0,0.0,0.0,0.0,0.0,0.0,0.0,1.0,100.0,1.0,100.0,1.0,100.0,1.0,100.0,1.0,100.0,0.0,3.0,,0.0,18.0,-100.0,0.0,0.0,,0.0,3.0,,0.0,18.0,,0.0,1.6127587133769377,,1.0,4.0,300.0,,25.0,,,2.239942657467969,,0.0,0.0,,0.0,0.0,,0.0,0.0,,0.0,0.0,0.0,0.0,0.0,,0.0,0.0,,0.0,0.0,,,0.0,0.0,,1.0,3.0,200.0,,31000.0,,0.0,,county
2848,51059.0,VA,Fairfax,15.0,7.0,-53.333333333333336,9.036144578313252,4.729729729729731,2.960361264425489,1.6860465116279069,59.0,58.0,-1.694915254237288,0.057408241682859365,0.051718987556233255,-9.910169619991636,20.0,23.0,15.0,0.01766803115606308,0.019986184313893318,13.12060832977295,4.0,17.391304016113278,1.0,4.347826004028319,0.0,0.0,0.0,0.0,22.0,95.65217590332031,22.0,95.65217590332031,22.0,95.65217590332031,22.0,95.65217590332031,22.0,95.65217590332031,5.0,6.0,20.0,6.0,9.0,-33.33333333333333,0.005838126272833154,0.00535024009202413,-8.356896682405278,5.0,6.0,20.0,6.0,9.0,50.0,0.005838126272833154,0.008025360138036194,37.464654976392076,3.0,14.0,366.66666666666663,28.0,66.0,135.71428571428572,0.02724458927322139,0.05885264101226543,116.01588639147326,0.0,2.0,,0.0,,,0.0,,,0.0,0.0,0.0,0.0,0.0,,0.0,0.0,,0.0,0.0,,,4.0,2.0,-50.0,2.0,16.0,700.0,,806000.0,,1.0,1.0,county
2849,51061.0,VA,Fauquier,95.0,143.0,50.526315789473685,7.774140752864157,11.36724960254372,3.6431087305391716,2.570994290798547,1748.0,1387.0,-20.652173913043477,27.260534605907488,20.800215950331424,-23.698429795929542,5.0,5.0,0.0,0.0744645968079567,0.07074637711048126,-4.993271827697754,0.0,0.0,0.0,0.0,0.0,0.0,0.0,0.0,4.0,80.0,3.0,60.0,3.0,60.0,3.0,60.0,3.0,60.0,21.0,32.0,52.38095238095239,75.0,138.0,-45.65217391304348,1.169645363525779,1.1247413094988152,-3.8391170030893007,21.0,32.0,52.38095238095239,72.0,138.0,91.66666666666666,1.122859548984748,2.0695240094778202,84.30835907741219,62.0,53.0,-14.516129032258066,457.0,485.0,6.12691466083151,7.1270390817504135,7.273327134759005,2.052578235233458,10.0,33.0,229.99999999999997,10.0,32.0,220.00000000000003,0.15595271513677053,0.4798896253861611,207.71482559011426,1.0,3.0,200.0,0.0,14.0,,0.0,70900.0,,0.0,1063.2554512462134,,,19.0,12.0,-36.84210526315789,17.0,36.0,111.76470588235294,1469000.0,192000.0,-86.92988427501702,1.0,1.0,county
2850,51063.0,VA,Floyd,46.0,79.0,71.73913043478261,5.324074074074074,9.154113557358055,0.7633587786259541,1.6944756635255467,331.0,588.0,77.64350453172206,22.330162585171685,38.077969174977326,70.5225791784559,1.0,1.0,0.0,0.06458696722984314,0.06331117451190947,-1.9753098487854004,1.0,100.0,0.0,0.0,0.0,0.0,0.0,0.0,1.0,100.0,1.0,100.0,1.0,100.0,1.0,100.0,1.0,100.0,35.0,28.0,-20.0,225.0,136.0,65.44117647058823,15.179113539769277,14.570651470016838,-4.008548115529074,34.0,27.0,-20.588235294117645,224.0,,,15.111650812925857,,,23.0,26.0,13.043478260869565,188.0,160.0,-14.893617021276595,12.682992646562774,10.361352156456418,-18.305147332365166,12.0,10.0,-16.666666666666664,5.0,11.0,120.0,0.33731363421709504,0.7123429607563787,111.18119414583605,1.0,2.0,100.0,4.0,3.0,-25.0,21048.0,8400.0,,1419.9554746002832,543.970988213962,,,13.0,7.0,-46.15384615384615,7.0,18.0,157.14285714285714,6000.0,460000.0,7566.666666666667,1.0,1.0,county
2851,51065.0,VA,Fluvanna,28.0,20.0,-28.57142857142857,8.56269113149847,6.6006600660066,1.4477211796246652,1.6306649724692928,81.0,77.0,-4.938271604938271,3.2227261876342803,2.9707936262973114,-7.81737406993011,2.0,1.0,-50.0,0.07744433730840683,0.03733711689710617,-51.78844833374024,0.0,0.0,0.0,0.0,0.0,0.0,0.0,0.0,1.0,100.0,1.0,100.0,1.0,100.0,1.0,100.0,1.0,100.0,10.0,11.0,10.0,15.0,40.0,-62.5,0.5968011458582,0.5787260310968787,-3.028666229406995,10.0,11.0,10.0,,,,,,,9.0,14.0,55.55555555555556,17.0,34.0,100.0,0.6763746319726267,1.3117790038195918,93.94266754118601,3.0,12.0,300.0,3.0,5.0,66.66666666666666,0.11936022917163999,0.19290867703229286,61.618889617655014,0.0,0.0,0.0,0.0,1.0,,0.0,,,0.0,,,,1.0,1.0,0.0,2.0,2.0,0.0,,,,0.0,1.0,county
2852,51067.0,VA,Franklin,74.0,91.0,22.972972972972975,7.094918504314477,8.895405669599219,0.839386302994367,0.7579230463616637,453.0,496.0,9.492273730684326,8.320017631825445,8.803223115560051,5.80774591013203,2.0,2.0,0.0,0.035539761185646064,0.03559035435318947,0.1423565149307251,0.0,0.0,0.0,0.0,0.0,0.0,0.0,0.0,0.0,0.0,0.0,0.0,0.0,0.0,0.0,0.0,0.0,0.0,29.0,34.0,17.24137931034483,55.0,58.0,-5.172413793103448,1.010156666115672,0.9761638535399251,-3.3651030296576248,29.0,32.0,10.344827586206897,50.0,54.0,8.0,0.9183242419233383,0.9584154198391991,4.365688727969747,21.0,29.0,38.095238095238095,210.0,239.0,13.80952380952381,3.856961816078021,4.241875654473493,9.979716075770597,12.0,12.0,0.0,17.0,22.0,29.411764705882355,0.31223024225393503,0.39046554141596995,25.056925491031283,1.0,1.0,0.0,0.0,6.0,,0.0,9904.0,,0.0,175.7804873719894,,,1.0,8.0,700.0,9.0,9.0,0.0,33000.0,10000.0,-69.6969696969697,,1.0,county
2853,51069.0,VA,Frederick,67.0,60.0,-10.44776119402985,9.911242603550297,8.810572687224669,2.6218836069678435,2.5236776919714408,733.0,866.0,18.144611186903138,9.816526047944286,10.79571661867185,9.974919497438908,1.0,0.0,,0.012272046878933908,0.0,,0.0,0.0,0.0,0.0,0.0,0.0,0.0,0.0,0.0,0.0,0.0,0.0,0.0,0.0,0.0,0.0,0.0,0.0,15.0,16.0,6.666666666666667,33.0,40.0,-17.5,0.44194455604660504,0.4113841205729459,-6.9149930812670615,15.0,16.0,6.666666666666667,33.0,40.0,21.21212121212121,0.44194455604660504,0.49864741887629804,12.83031141664599,37.0,23.0,-37.83783783783784,5870.0,5321.0,-9.352640545144803,78.61256193919914,66.33257289601954,-15.620899179799327,3.0,8.0,166.66666666666669,5.0,7.0,40.0,0.06696129637069774,0.08726329830335215,30.319009686226096,1.0,1.0,0.0,1.0,0.0,-100.0,,0.0,,,0.0,,,5.0,4.0,-20.0,8.0,9.0,12.5,101000.0,319000.0,215.84158415841586,,,county
2854,51071.0,VA,Giles,17.0,43.0,152.94117647058823,4.941860465116279,11.375661375661375,2.5839793281653747,1.5945611866501854,130.0,129.0,-0.7692307692307693,7.585482553390127,7.597620590140762,0.16001667217875243,0.0,1.0,,0.0,0.0593683198094368,,1.0,100.0,0.0,0.0,0.0,0.0,0.0,0.0,1.0,100.0,1.0,100.0,1.0,100.0,1.0,100.0,1.0,100.0,7.0,21.0,200.0,10.0,20.0,-50.0,0.5834986579530866,0.5889628364450203,0.936450909947598,7.0,21.0,200.0,10.0,19.0,90.0,0.5834986579530866,1.1190293892455387,91.77925672890045,11.0,4.0,-63.63636363636363,,,,,,,7.0,13.0,85.71428571428571,29.0,27.0,-6.896551724137931,1.6921461080639513,1.5901996584015547,-6.024683635566028,1.0,1.0,0.0,3.0,5.0,66.66666666666666,4800.0,7520.0,,280.0793558174816,442.9000530066553,,,2.0,5.0,150.0,0.0,4.0,,0.0,18000.0,,0.0,0.0,county
2855,51073.0,VA,Gloucester,16.0,13.0,-18.75,10.062893081761008,9.558823529411764,0.592112613115853,0.6475649782666548,53.0,73.0,37.735849056603776,1.4534086546371965,1.9765521349470665,35.99424557165985,2.0,2.0,0.0,0.05439512804150581,0.053548958152532584,-1.5555986166000366,0.0,0.0,0.0,0.0,0.0,0.0,0.0,0.0,1.0,50.0,1.0,50.0,1.0,50.0,1.0,50.0,1.0,50.0,7.0,4.0,-42.857142857142854,23.0,8.0,187.5,0.6307245105029342,0.6227493027915414,-1.264451845233263,7.0,4.0,-42.857142857142854,23.0,8.0,-65.21739130434783,0.6307245105029342,0.21660845314488397,-65.65720064182027,4.0,7.0,75.0,34.0,66.0,94.11764705882352,0.9323753633521636,1.7870197384452928,91.66312288866484,1.0,3.0,200.0,,,,,,,0.0,0.0,0.0,0.0,0.0,,0.0,0.0,,0.0,0.0,,,0.0,0.0,,1.0,5.0,400.0,,,,0.0,0.0,county
2856,51075.0,VA,Goochland,24.0,27.0,12.5,6.33245382585752,8.571428571428571,2.2961908152367387,1.907982127762348,258.0,316.0,22.48062015503876,12.362834826776558,14.80232340266067,19.73243685663781,3.0,3.0,0.0,0.13908205926418304,0.12906555831432345,-7.201864242553711,3.0,100.0,0.0,0.0,0.0,0.0,0.0,0.0,3.0,100.0,3.0,100.0,3.0,100.0,3.0,100.0,2.0,66.66666412353516,8.0,10.0,25.0,29.0,18.0,61.111111111111114,1.389620968901241,1.358441071763163,-2.2437699081881117,8.0,10.0,25.0,29.0,,,1.389620968901241,,,8.0,12.0,50.0,46.0,70.0,52.17391304347826,2.2042263644640374,3.278995690462807,48.75948057449636,7.0,13.0,85.71428571428571,3.0,8.0,166.66666666666669,0.14375389333461114,0.3747423646243208,160.6832802448317,0.0,0.0,0.0,0.0,2.0,,0.0,,,0.0,,,,0.0,2.0,,1.0,8.0,700.0,,65000.0,,1.0,1.0,county
2857,51077.0,VA,Grayson,29.0,25.0,-13.793103448275861,3.403755868544601,3.272251308900524,0.3206635597930651,0.15172588190668854,75.0,48.0,-36.0,4.668243495580731,3.1527093596059115,-32.46476190476191,1.0,1.0,0.0,0.06608948856592177,0.06397543102502823,-3.198780298233032,1.0,100.0,0.0,0.0,0.0,0.0,1.0,100.0,1.0,100.0,1.0,100.0,1.0,100.0,1.0,100.0,1.0,100.0,9.0,9.0,0.0,8.0,25.0,-68.0,0.49794597286194453,0.5254515599343186,5.5238095238095175,8.0,9.0,12.5,,25.0,,,1.6420361247947455,,3.0,12.0,300.0,,37.0,,,2.4302134646962235,,3.0,11.0,266.66666666666663,,40.0,,,2.6272577996715927,,0.0,0.0,0.0,1.0,5.0,400.0,,1050.0,,,68.96551724137932,,,1.0,2.0,100.0,6.0,10.0,66.66666666666666,15000.0,26000.0,73.33333333333333,0.0,0.0,county
2858,51079.0,VA,Greene,12.0,17.0,41.66666666666667,5.405405405405406,7.87037037037037,3.573284823284823,0.7588021044111696,275.0,75.0,-72.72727272727273,15.301580235922547,3.979413169204648,-73.99344964474693,1.0,1.0,0.0,0.05305884405970573,0.0505586750805378,-4.7120680809021,0.0,0.0,0.0,0.0,0.0,0.0,0.0,0.0,1.0,100.0,1.0,100.0,1.0,100.0,1.0,100.0,1.0,100.0,5.0,8.0,60.0,19.0,23.0,-17.391304347826086,1.0572000890273758,1.0081180028651775,-4.642648697405413,5.0,8.0,60.0,,23.0,,,1.2203533718894253,,9.0,15.0,66.66666666666666,72.0,112.0,55.55555555555556,4.006231916314267,5.94259033267894,48.333657581813775,5.0,8.0,60.0,13.0,7.0,-46.15384615384615,0.7233474293345203,0.3714118957924338,-48.65373391398754,0.0,0.0,0.0,2.0,5.0,150.0,,50600.0,,,2684.7774181567356,,,3.0,3.0,0.0,6.0,1.0,-83.33333333333334,460000.0,,,1.0,1.0,county
2859,51081.0,VA,Greensville,3.0,8.0,166.66666666666669,2.097902097902098,5.298013245033113,0.11182555213866367,0.0423389942136708,8.0,9.0,12.5,0.658598830987075,0.7666751852798365,16.41004344492718,0.0,0.0,0.0,0.0,0.0,0.0,0.0,0.0,0.0,0.0,0.0,0.0,0.0,0.0,0.0,0.0,0.0,0.0,0.0,0.0,0.0,0.0,0.0,0.0,9.0,10.0,11.11111111111111,34.0,30.0,13.333333333333334,2.799045031695069,2.8963284777238263,3.47559417326858,9.0,10.0,11.11111111111111,34.0,30.0,-11.76470588235294,2.799045031695069,2.555583950932788,-8.698005141233601,1.0,0.0,-100.0,,0.0,,,0.0,,0.0,1.0,,0.0,,,0.0,,,0.0,0.0,0.0,0.0,0.0,,0.0,0.0,,0.0,0.0,,,3.0,2.0,-33.33333333333333,0.0,3.0,,0.0,,,,,county
2860,51083.0,VA,Halifax,34.0,65.0,91.17647058823529,3.744493392070485,6.951871657754011,0.38616635910054,1.010239281607622,113.0,369.0,226.5486725663717,3.1096923330948325,10.311294919801039,231.58569450949565,2.0,2.0,0.0,0.05654189735651016,0.05861664563417435,3.669399738311768,2.0,100.0,1.0,50.0,0.0,0.0,2.0,100.0,2.0,100.0,2.0,100.0,2.0,100.0,2.0,100.0,2.0,100.0,36.0,49.0,36.11111111111111,352.0,318.0,10.69182389937107,9.68682921459629,9.836248812384731,1.5425026546694225,36.0,49.0,36.11111111111111,,,,,,,28.0,24.0,-14.285714285714285,120.0,93.0,-22.5,3.302328141339644,2.5987816464539204,-21.304560442631193,9.0,11.0,22.22222222222222,23.0,23.0,0.0,0.6329462270900985,0.6427094394455932,1.542502654669421,0.0,0.0,0.0,0.0,4.0,,0.0,24400.0,,0.0,681.8308835857598,,,3.0,9.0,200.0,9.0,9.0,0.0,23000.0,34000.0,47.82608695652174,0.0,0.0,county
2861,51085.0,VA,Hanover,39.0,57.0,46.15384615384615,6.239999999999998,9.5,0.808582361516035,0.8232016210739614,355.0,455.0,28.169014084507044,3.5920267125366787,4.5304285486697475,26.124578440853817,3.0,2.0,-33.33333206176758,0.029682692140340805,0.018649931997060776,-37.16900253295898,1.0,50.0,0.0,0.0,0.0,0.0,0.0,0.0,2.0,100.0,2.0,100.0,2.0,100.0,2.0,100.0,2.0,100.0,50.0,50.0,0.0,1123.0,797.0,40.903387703889585,11.362946473742792,11.181695077266209,-1.5951091285646188,50.0,50.0,0.0,1119.0,794.0,-29.0437890974084,11.322472933319842,7.905846742074239,-30.175618094799194,7.0,17.0,142.85714285714286,34.0,90.0,164.70588235294116,0.3440250935950622,0.8961287239126972,160.48353465968194,6.0,11.0,83.33333333333334,2.0,,,0.02023677021147425,,,0.0,0.0,0.0,5.0,9.0,80.0,3800.0,21850.0,,38.449863401801075,217.56014019436037,,,0.0,11.0,,7.0,5.0,-28.57142857142857,156000.0,,,1.0,0.0,county
2862,51087.0,VA,Henrico,3.0,8.0,166.66666666666669,1.6853932584269662,6.837606837606838,,1.6860527158254188,,158.0,,,0.5001551113953061,,2.0,4.0,100.0,0.006275455001741648,0.012148417532443999,93.58624267578124,3.0,75.0,0.0,0.0,0.0,0.0,0.0,0.0,3.0,75.0,3.0,75.0,3.0,75.0,3.0,75.0,3.0,75.0,10.0,4.0,-60.0,69.0,66.0,4.545454545454546,0.2327872392108175,0.2184221689004818,-6.1709011022405615,10.0,4.0,-60.0,69.0,66.0,-4.3478260869565215,0.2327872392108175,0.2089255528613304,-10.250427141273583,5.0,0.0,-100.0,23.0,0.0,-100.0,0.07759574640360584,0.0,-100.0,0.0,1.0,,0.0,,,0.0,,,0.0,0.0,0.0,1.0,1.0,0.0,,,,,,,,0.0,0.0,,1.0,1.0,0.0,,,,1.0,1.0,county
2863,51089.0,VA,Henry,17.0,17.0,0.0,5.0,5.862068965517241,0.12777220041982296,,14.0,19.0,35.714285714285715,0.25323782649591203,0.359120721265617,41.81164253177407,0.0,0.0,0.0,0.0,0.0,0.0,0.0,0.0,0.0,0.0,0.0,0.0,0.0,0.0,0.0,0.0,0.0,0.0,0.0,0.0,0.0,0.0,0.0,0.0,12.0,14.0,16.666666666666664,25.0,28.0,-10.714285714285714,0.45221040445698574,0.4725272648231803,4.492789233938802,11.0,14.0,27.27272727272727,,25.0,,,0.4725272648231803,,5.0,3.0,-40.0,5.0,11.0,120.0,0.09044208089139714,0.20791199652219935,129.8841363146654,0.0,8.0,,0.0,9.0,,0.0,0.17010981533634492,,0.0,0.0,0.0,0.0,0.0,,0.0,0.0,,0.0,0.0,,,0.0,0.0,,3.0,7.0,133.33333333333331,,24000.0,,,1.0,county
2864,51091.0,VA,Highland,15.0,26.0,73.33333333333333,6.276150627615063,9.961685823754788,0.17522474478135,0.8680613296970101,23.0,261.0,1034.7826086956522,9.488448844884488,115.89698046181171,1121.4533940844854,1.0,1.0,0.0,0.4535147249698639,0.4524886906147003,-0.2262405753135681,1.0,100.0,0.0,0.0,1.0,100.0,1.0,100.0,1.0,100.0,1.0,100.0,1.0,100.0,1.0,100.0,1.0,100.0,5.0,6.0,20.0,1.0,16.0,-93.75,0.41254125412541254,0.4440497335701599,7.6376554174067675,2.0,6.0,200.0,,16.0,,,7.104795737122559,,3.0,3.0,0.0,,24.0,,,10.657193605683837,,0.0,5.0,,0.0,4.0,,0.0,1.7761989342806397,,0.0,1.0,,0.0,0.0,,0.0,0.0,,0.0,0.0,,,1.0,1.0,0.0,2.0,15.0,650.0,,55000.0,,1.0,1.0,county
2865,51093.0,VA,Isle of Wight,14.0,32.0,128.57142857142858,7.179487179487178,15.023474178403756,0.14773616059789693,0.376986301369863,34.0,172.0,405.88235294117646,0.9831988664295422,4.856150653603998,393.91336985964665,2.0,2.0,0.0,0.05630471929907799,0.05412280559539795,-3.875187873840332,1.0,50.0,0.0,0.0,0.0,0.0,0.0,0.0,1.0,50.0,1.0,50.0,1.0,50.0,1.0,50.0,1.0,50.0,10.0,15.0,50.0,40.0,27.0,48.148148148148145,1.1567045487406378,1.1293373613032553,-2.365961771930304,10.0,15.0,50.0,,27.0,,,0.7623027188796974,,8.0,10.0,25.0,32.0,42.0,31.25,0.9253636389925103,1.1858042293684181,28.144675174341465,5.0,5.0,0.0,4.0,5.0,25.0,0.1156704548740638,0.14116717016290692,22.04254778508711,0.0,1.0,,0.0,0.0,,0.0,0.0,,0.0,0.0,,,4.0,5.0,25.0,1.0,3.0,200.0,,4000.0,,1.0,1.0,county
2866,51095.0,VA,James City,13.0,23.0,76.92307692307693,17.567567567567572,27.710843373493976,7.466852756454989,,214.0,99.0,-53.73831775700935,3.396448013712762,1.4286745075402263,-57.93621743150138,1.0,1.0,0.0,0.014161698520183563,0.013089518994092941,-7.570981025695801,0.0,0.0,0.0,0.0,0.0,0.0,0.0,0.0,1.0,100.0,1.0,100.0,1.0,100.0,1.0,100.0,1.0,100.0,11.0,9.0,-18.181818181818183,91.0,65.0,40.0,1.4442839684479503,1.313226062486471,-9.0742477812252,11.0,9.0,-18.181818181818183,,65.0,,,0.9380186160617648,,13.0,8.0,-38.46153846153847,121.0,56.0,-53.71900826446281,1.9204215404637581,0.8081391153762898,-57.91866013015381,3.0,7.0,133.33333333333331,5.0,15.0,200.0,0.07935626200263463,0.2164658344757919,172.77725665632443,0.0,0.0,0.0,0.0,0.0,,0.0,0.0,,0.0,0.0,,,3.0,3.0,0.0,3.0,7.0,133.33333333333331,173000.0,,,,,county
2867,51097.0,VA,King and Queen,3.0,11.0,266.66666666666663,1.96078431372549,8.661417322834646,,0.41512915129151295,,72.0,,,10.182435299109036,,1.0,1.0,0.0,0.14222727715969086,0.14200511574745178,-0.15620169043540955,0.0,0.0,0.0,0.0,0.0,0.0,0.0,0.0,0.0,0.0,1.0,100.0,1.0,100.0,1.0,100.0,1.0,100.0,9.0,6.0,-33.33333333333333,48.0,142.0,-66.19718309859155,6.90846286701209,6.788290199406025,-1.7394993635977882,9.0,5.0,-44.44444444444444,,,,,,,1.0,2.0,100.0,,,,,,,2.0,2.0,0.0,,,,,,,0.0,0.0,0.0,1.0,2.0,100.0,,,,,,,,6.0,4.0,-33.33333333333333,1.0,5.0,400.0,,75000.0,,0.0,0.0,county
2868,51099.0,VA,King George,15.0,22.0,46.666666666666664,8.333333333333332,13.750000000000002,4.034969737726967,13.399894902785075,180.0,510.0,183.33333333333331,8.019960791302799,20.726652036088762,158.43832127665337,1.0,1.0,0.0,0.0401606410741806,0.037629351019859314,-6.30291223526001,1.0,100.0,0.0,0.0,0.0,0.0,0.0,0.0,1.0,100.0,1.0,100.0,1.0,100.0,1.0,100.0,1.0,100.0,12.0,12.0,0.0,534.0,337.0,58.45697329376854,23.792550347531634,21.70202389661058,-8.786474843534107,12.0,12.0,0.0,534.0,337.0,-36.89138576779026,23.792550347531634,13.695846541493944,-42.43640828140635,10.0,10.0,0.0,105.0,24.0,-77.14285714285715,4.678310461593299,0.9753718605218239,-79.15119424995065,2.0,9.0,350.0,,17.0,,,0.6908884012029586,,0.0,0.0,0.0,0.0,2.0,,0.0,,,0.0,,,,6.0,3.0,-50.0,10.0,9.0,-10.0,8000.0,16000.0,100.0,1.0,,county
2869,51101.0,VA,King William,7.0,18.0,157.14285714285714,5.147058823529411,13.333333333333336,,0.07810153199158906,,13.0,,,0.8137205808713069,,1.0,1.0,0.0,0.06214268133044242,0.059035360813140876,-5.00029993057251,0.0,0.0,0.0,0.0,0.0,0.0,0.0,0.0,1.0,100.0,1.0,100.0,1.0,100.0,1.0,100.0,1.0,100.0,5.0,6.0,20.0,58.0,7.0,728.5714285714286,3.7918410041841004,3.630445668502754,-4.256384576865304,5.0,6.0,20.0,58.0,,,3.7918410041841004,,,5.0,3.0,-40.0,11.0,29.0,163.63636363636365,0.7191422594142259,1.815222834251377,152.41498611553692,4.0,5.0,25.0,,13.0,,,0.8137205808713069,,0.0,0.0,0.0,2.0,0.0,-100.0,,0.0,,,0.0,,,3.0,4.0,33.33333333333333,1.0,1.0,0.0,,,,0.0,0.0,county
2870,51103.0,VA,Lancaster,6.0,5.0,-16.666666666666664,9.375,8.196721311475411,0.700280112044818,0.287828947368421,20.0,14.0,-30.0,1.7281603732826407,1.2468827930174564,-27.849127182044885,1.0,1.0,0.0,0.09124920517206192,0.0927385687828064,1.6321935653686523,0.0,0.0,0.0,0.0,0.0,0.0,0.0,0.0,0.0,0.0,0.0,0.0,0.0,0.0,0.0,0.0,0.0,0.0,4.0,5.0,25.0,6.0,5.0,20.0,0.5184481119847921,0.5343783398646241,3.0726754542215966,4.0,5.0,25.0,6.0,,,0.5184481119847921,,,6.0,3.0,-50.0,31.0,25.0,-19.35483870967742,2.678648578588093,2.2265764161026005,-16.87687463369227,1.0,1.0,0.0,,,,,,,0.0,0.0,0.0,0.0,0.0,,0.0,0.0,,0.0,0.0,,,3.0,1.0,-66.66666666666666,1.0,0.0,-100.0,,0.0,,1.0,0.0,county
2871,51105.0,VA,Lee,44.0,43.0,-2.272727272727273,4.21455938697318,4.24901185770751,0.6030855539971949,0.4769213901984431,86.0,87.0,1.1627906976744187,3.3962562198878445,3.407355187404536,0.32680006448563353,1.0,1.0,0.0,0.039888311177492135,0.042479079216718674,6.495055675506593,0.0,0.0,0.0,0.0,0.0,0.0,0.0,0.0,0.0,0.0,0.0,0.0,0.0,0.0,0.0,0.0,0.0,0.0,47.0,34.0,-27.659574468085108,164.0,58.0,182.75862068965517,6.4765816286233315,6.423060353268319,-0.8263815454509919,45.0,34.0,-24.444444444444443,152.0,,,6.002685411894795,,,19.0,17.0,-10.526315789473683,47.0,30.0,-36.17021276595745,1.8560935155201013,1.1749500646222535,-36.69769034816021,4.0,6.0,50.0,,25.0,,,0.979125053851878,,0.0,0.0,0.0,1.0,1.0,0.0,,,,,,,,7.0,1.0,-85.71428571428571,0.0,2.0,,0.0,,,0.0,0.0,county
2872,51107.0,VA,Loudoun,161.0,210.0,30.434782608695656,11.282410651716885,15.04297994269341,2.8366906262016744,4.245168593838441,959.0,1575.0,64.23357664233576,3.428624545948574,4.654736748777208,35.761051885295124,8.0,9.0,12.5,0.022858580574393272,0.02212117426097393,-3.225949764251709,2.0,22.22222137451172,0.0,0.0,0.0,0.0,0.0,0.0,8.0,88.88888549804688,7.0,77.77777862548828,7.0,77.77777862548828,7.0,77.77777862548828,7.0,77.77777862548828,42.0,46.0,9.523809523809524,204.0,286.0,-28.671328671328673,0.7293424477304579,0.6028992360320955,-17.336603963175858,40.0,45.0,12.5,,,,,,,82.0,89.0,8.536585365853659,527.0,928.0,76.0910815939279,1.8841346566370163,2.74260044626365,45.56286816351574,30.0,46.0,53.333333333333336,58.0,78.0,34.48275862068966,0.20736206847238509,0.2305202961299189,11.168015359866947,0.0,0.0,0.0,4.0,7.0,75.0,4300.0,19598.0,,15.373394731573377,57.91970209684808,,,15.0,20.0,33.33333333333333,19.0,50.0,163.1578947368421,1102000.0,2036000.0,84.75499092558984,1.0,1.0,county
2873,51109.0,VA,Louisa,32.0,46.0,43.75,5.992509363295881,9.484536082474227,0.5745239658568615,0.6820530485704444,70.0,99.0,41.42857142857143,2.20708790515828,2.9537249753856254,33.82905902761498,3.0,2.0,-33.33333206176758,0.08826644718647003,0.05438033491373062,-38.39070510864258,1.0,50.0,0.0,0.0,0.0,0.0,0.0,0.0,1.0,50.0,1.0,50.0,1.0,50.0,1.0,50.0,1.0,50.0,36.0,33.0,-8.333333333333332,60.0,68.0,-11.76470588235294,1.8917896329928112,1.7901363487185606,-5.3733926067368865,34.0,33.0,-2.941176470588235,59.0,68.0,15.254237288135593,1.8602598057762643,2.0288211952143684,9.061174622743918,15.0,17.0,13.333333333333334,121.0,63.0,-47.93388429752066,3.815109093202169,1.8796431661544886,-50.731601109292754,10.0,16.0,60.0,7.0,10.0,42.857142857142854,0.220708790515828,0.2983560581197601,35.18086770466157,0.0,0.0,0.0,0.0,3.0,,0.0,6000.0,,0.0,179.01363487185606,,,10.0,11.0,10.0,4.0,8.0,100.0,5000.0,43000.0,760.0,1.0,,county
2874,51111.0,VA,Lunenburg,21.0,17.0,-19.047619047619047,5.6603773584905674,4.5822102425876015,0.8686659772492245,0.292002379278646,84.0,54.0,-35.714285714285715,6.4496314496314495,4.279261431175212,-33.651070381397666,1.0,1.0,0.0,0.07980208843946457,0.08274035900831223,3.6819469928741455,0.0,0.0,0.0,0.0,0.0,0.0,0.0,0.0,1.0,100.0,1.0,100.0,0.0,0.0,0.0,0.0,0.0,0.0,9.0,8.0,-11.11111111111111,29.0,12.0,141.66666666666669,2.2266584766584767,2.2981218797052065,3.209446073381411,9.0,8.0,-11.11111111111111,,12.0,,,0.9509469847056027,,7.0,8.0,14.285714285714285,23.0,27.0,17.391304347826086,1.7659705159705161,2.139630715587606,21.1589149557086,4.0,3.0,-25.0,,3.0,,,0.2377367461764007,,0.0,0.0,0.0,0.0,2.0,,0.0,,,0.0,,,,3.0,0.0,-100.0,0.0,0.0,,0.0,0.0,,0.0,0.0,county
2875,51113.0,VA,Madison,39.0,55.0,41.02564102564102,6.914893617021277,10.53639846743295,2.704841022598032,1.894409937888199,547.0,549.0,0.3656307129798903,40.73274257204557,41.6793197692074,2.3238729763594703,1.0,1.0,0.0,0.07638252526521683,0.07521624863147736,-1.5268893241882324,0.0,0.0,0.0,0.0,0.0,0.0,0.0,0.0,0.0,0.0,1.0,100.0,1.0,100.0,1.0,100.0,1.0,100.0,12.0,25.0,108.33333333333333,99.0,63.0,57.14285714285714,7.37210514558046,7.5159429092013355,1.9511084117825612,12.0,25.0,108.33333333333333,,63.0,,,4.78287276040085,,22.0,27.0,22.727272727272727,299.0,178.0,-40.468227424749166,22.265246853823815,13.513513513513512,-39.30669800235018,11.0,21.0,90.9090909090909,11.0,24.0,118.18181818181819,0.8191227939533845,1.8220467658669903,122.43878198934377,0.0,0.0,0.0,2.0,3.0,50.0,,3503.0,,,265.94290920133614,,,4.0,9.0,125.0,5.0,6.0,20.0,,105000.0,,1.0,1.0,county
2876,51115.0,VA,Mathews,7.0,13.0,85.71428571428571,14.000000000000002,23.63636363636364,2.0867837032129843,2.1223470661672907,63.0,51.0,-19.047619047619047,6.979836029248839,5.729049651763648,-17.919996576478272,1.0,1.0,0.0,0.11237217485904694,0.11361054331064226,1.1020240783691406,0.0,0.0,0.0,0.0,0.0,0.0,0.0,0.0,1.0,100.0,1.0,100.0,1.0,100.0,1.0,100.0,1.0,100.0,6.0,3.0,-50.0,28.0,,,3.1021493463328165,3.1453605931251407,1.3929454055268522,6.0,3.0,-50.0,28.0,,,3.1021493463328165,,,2.0,1.0,-50.0,,,,,,,3.0,4.0,33.33333333333333,,8.0,,,0.8986744551786117,,0.0,0.0,0.0,0.0,0.0,,0.0,0.0,,0.0,0.0,,,1.0,4.0,300.0,2.0,2.0,0.0,,,,,,county
2877,51117.0,VA,Mecklenburg,11.0,15.0,36.36363636363637,1.8965517241379308,2.8462998102466788,0.04959087527894868,0.1748455530947663,16.0,75.0,368.75,0.4874630594400268,2.363470204518955,384.85114076828535,1.0,1.0,0.0,0.032003071159124374,0.032626427710056305,1.9478023052215576,0.0,0.0,0.0,0.0,0.0,0.0,0.0,0.0,1.0,100.0,1.0,100.0,1.0,100.0,1.0,100.0,1.0,100.0,11.0,4.0,-63.63636363636363,43.0,22.0,95.45454545454545,1.3100569722450721,1.3550562505908674,3.4349100305675337,11.0,4.0,-63.63636363636363,43.0,22.0,-48.837209302325576,1.3100569722450721,0.6932845933255601,-47.07981347273289,15.0,24.0,60.0,124.0,99.0,-20.161290322580644,3.7778387106602076,3.119780669965021,-17.418902475595253,8.0,23.0,187.5,20.0,43.0,114.99999999999999,0.6093288243000335,1.3550562505908674,122.3850565657202,0.0,0.0,0.0,0.0,4.0,,0.0,9280.0,,0.0,292.44004663914535,,,1.0,5.0,400.0,1.0,0.0,-100.0,,0.0,,1.0,1.0,county
2878,51119.0,VA,Middlesex,7.0,9.0,28.57142857142857,9.210526315789473,12.32876712328767,,0.19539923616662225,,22.0,,,2.0357175904506337,,3.0,3.0,0.0,0.27837061882019043,0.27857738733291626,0.07427813857793808,0.0,0.0,0.0,0.0,0.0,0.0,0.0,0.0,0.0,0.0,0.0,0.0,0.0,0.0,0.0,0.0,0.0,0.0,5.0,4.0,-20.0,,,,,,,5.0,4.0,-20.0,,,,,,,6.0,3.0,-50.0,17.0,,,1.579485273622596,,,3.0,3.0,0.0,,,,,,,0.0,0.0,0.0,0.0,0.0,,0.0,0.0,,0.0,0.0,,,2.0,1.0,-50.0,0.0,1.0,,0.0,,,1.0,0.0,county
2879,51121.0,VA,Montgomery,42.0,60.0,42.857142857142854,6.6878980891719735,9.950248756218906,0.9010433133101486,1.8349010840679967,171.0,435.0,154.38596491228068,1.867872591427448,4.545882057873781,143.3721699615374,3.0,4.0,33.33333206176758,0.031057829037308693,0.04041016474366188,30.112651824951172,3.0,75.0,0.0,0.0,0.0,0.0,0.0,0.0,4.0,100.0,4.0,100.0,4.0,100.0,4.0,100.0,3.0,75.0,11.0,20.0,81.81818181818183,37.0,80.0,-53.75,0.4041595665661729,0.38666123250880435,-4.329560773740479,11.0,20.0,81.81818181818183,36.0,80.0,122.22222222222223,0.39323633503735744,0.836024286505523,112.60097605835449,6.0,8.0,33.33333333333333,8.0,66.0,725.0,0.08738585223052388,0.6897200363670565,689.2811236166411,8.0,9.0,12.5,20.0,14.0,-30.0,0.2184646305763097,0.1463042501384665,-33.030692541618336,0.0,0.0,0.0,0.0,0.0,,0.0,0.0,,0.0,0.0,,,1.0,10.0,900.0,8.0,11.0,37.5,18000.0,336000.0,1766.6666666666667,0.0,0.0,county
2880,51125.0,VA,Nelson,51.0,48.0,-5.88235294117647,11.03896103896104,10.549450549450551,9.35315387705906,3.7831340545328014,1164.0,598.0,-48.6254295532646,77.63623024077903,40.342710652364566,-48.03623188909777,3.0,3.0,0.0,0.2027163952589035,0.20221084356307986,-0.2493886500597,1.0,33.33333206176758,0.0,0.0,0.0,0.0,0.0,0.0,1.0,33.33333206176758,1.0,33.33333206176758,1.0,33.33333206176758,1.0,33.33333206176758,1.0,33.33333206176758,26.0,30.0,15.384615384615385,359.0,451.0,-20.39911308203991,23.944507436803843,24.219118936787424,1.1468663563381176,26.0,30.0,15.384615384615385,357.0,451.0,26.330532212885156,23.81111185219769,30.425689806381975,27.77937458461764,36.0,43.0,19.444444444444446,902.0,1001.0,10.975609756097562,60.16140865737344,67.53018957026242,12.248351688131317,15.0,10.0,-33.33333333333333,25.0,21.0,-16.0,1.667444807576869,1.4167172637117993,-15.036632260675967,0.0,0.0,0.0,4.0,4.0,0.0,10880.0,17184.0,,725.6719802574535,1159.2794980773122,,,5.0,9.0,80.0,9.0,14.0,55.55555555555556,1663000.0,,,1.0,1.0,county
2881,51127.0,VA,New Kent,11.0,16.0,45.45454545454545,9.090909090909092,11.678832116788321,2.1239705244906806,,98.0,,,5.67984235539585,,,1.0,1.0,0.0,0.05124526098370552,0.04466080293059349,-12.84891128540039,0.0,0.0,0.0,0.0,0.0,0.0,0.0,0.0,0.0,0.0,0.0,0.0,0.0,0.0,0.0,0.0,0.0,0.0,10.0,8.0,-20.0,354.0,83.0,326.50602409638554,20.51698156949113,18.484674429533705,-9.905487964074974,10.0,7.0,-30.0,342.0,,,19.821490668830414,,,0.0,5.0,,0.0,37.0,,0.0,1.9320139940473082,,0.0,7.0,,0.0,3.0,,0.0,0.1566497833011331,,0.0,0.0,0.0,0.0,0.0,,0.0,0.0,,0.0,0.0,,,0.0,1.0,,0.0,11.0,,0.0,48000.0,,0.0,0.0,county
2882,51131.0,VA,Northampton,19.0,22.0,15.789473684210526,12.582781456953645,14.965986394557824,0.373047330380042,,336.0,,,26.563364692861093,,,3.0,1.0,-66.66666412353516,0.24925224483013156,0.08521516621112822,-65.81167602539061,0.0,0.0,0.0,0.0,0.0,0.0,0.0,0.0,0.0,0.0,0.0,0.0,0.0,0.0,0.0,0.0,0.0,0.0,51.0,27.0,-47.05882352941176,8372.0,5019.0,66.80613668061368,661.8705035971224,685.4990583804143,3.5699664292147655,48.0,24.0,-50.0,6585.0,3765.0,-42.8246013667426,520.5945134002689,308.2780643576517,-40.783458829765586,5.0,7.0,40.0,55.0,37.0,-32.72727272727273,4.348169815795715,3.0295586669941867,-30.325658947619143,8.0,4.0,-50.0,13.0,2.0,-84.61538461538461,1.027749229188078,0.1637599279456317,-84.06615901089005,0.0,0.0,0.0,0.0,4.0,,0.0,69696.0,,0.0,5706.705969049374,,,3.0,4.0,33.33333333333333,7.0,12.0,71.42857142857143,37000.0,41000.0,10.81081081081081,0.0,,county
2883,51133.0,VA,Northumberland,11.0,13.0,18.181818181818183,8.527131782945737,13.265306122448981,,0.21070375052675935,,45.0,,,3.6384217335058215,,1.0,1.0,0.0,0.08132725954055786,0.08232485502958298,1.226643443107605,0.0,0.0,0.0,0.0,0.0,0.0,0.0,0.0,1.0,100.0,1.0,100.0,1.0,100.0,1.0,100.0,1.0,100.0,6.0,4.0,-33.33333333333333,35.0,10.0,250.0,2.8076367720198943,2.8298835705045278,0.792367399741261,6.0,4.0,-33.33333333333333,35.0,,,2.8076367720198943,,,4.0,2.0,-50.0,,,,,,,4.0,2.0,-50.0,9.0,,,0.7219637413765443,,,0.0,0.0,0.0,0.0,0.0,,0.0,0.0,,0.0,0.0,,,1.0,1.0,0.0,1.0,1.0,0.0,,,,1.0,0.0,county
2884,51135.0,VA,Nottoway,24.0,14.0,-41.66666666666667,6.091370558375635,3.9325842696629216,0.08312329060974956,0.13965046310557985,31.0,68.0,119.35483870967742,1.9621495031331095,4.31171136896836,119.74428360751972,1.0,1.0,0.0,0.06395906955003737,0.06485084444284439,1.3942899703979492,0.0,0.0,0.0,0.0,0.0,0.0,0.0,0.0,0.0,0.0,1.0,100.0,1.0,100.0,1.0,100.0,1.0,100.0,11.0,14.0,27.27272727272727,61.0,18.0,238.88888888888889,3.8610038610038613,3.867858728045146,0.1775410563692733,11.0,14.0,27.27272727272727,34.0,18.0,-47.05882352941176,2.1520349389201847,1.1413353623739775,-46.96483120545156,10.0,2.0,-80.0,39.0,,,2.468510665231977,,,2.0,1.0,-50.0,,,,,,,0.0,0.0,0.0,0.0,2.0,,0.0,,,0.0,,,,0.0,7.0,,1.0,7.0,600.0,,9000.0,,0.0,0.0,county
2885,51137.0,VA,Orange,31.0,37.0,19.35483870967742,5.984555984555986,6.764168190127971,0.14063773297231932,0.13358799695286885,107.0,121.0,13.084112149532709,3.3154649397329035,3.540910687112256,6.799822995489567,2.0,2.0,0.0,0.05776840820908545,0.05457919463515282,-5.520688056945801,0.0,0.0,0.0,0.0,0.0,0.0,0.0,0.0,0.0,0.0,0.0,0.0,0.0,0.0,0.0,0.0,0.0,0.0,7.0,19.0,171.42857142857142,12.0,59.0,-79.66101694915254,0.37182784370836297,0.35116469624253777,-5.5571813180381415,7.0,19.0,171.42857142857142,12.0,,,0.37182784370836297,,,19.0,27.0,42.10526315789473,296.0,339.0,14.527027027027026,9.171753478139621,9.920402668851692,8.162552476976572,4.0,11.0,175.0,3.0,12.0,300.0,0.09295696092709074,0.35116469624253777,277.77127472784747,0.0,0.0,0.0,0.0,4.0,,0.0,384.0,,0.0,11.237270279761209,,,4.0,3.0,-25.0,7.0,7.0,0.0,8000.0,161000.0,1912.5,1.0,1.0,county
2886,51139.0,VA,Page,26.0,31.0,19.230769230769234,4.905660377358491,5.6880733944954125,0.03168311492207302,0.10134871754892023,47.0,143.0,204.25531914893617,1.94038477417224,5.986018669680606,208.49647705745454,1.0,3.0,200.0,0.04215140640735626,0.12534993886947632,197.3802032470703,1.0,33.33333206176758,1.0,33.33333206176758,1.0,33.33333206176758,0.0,0.0,2.0,66.66666412353516,2.0,66.66666412353516,2.0,66.66666412353516,2.0,66.66666412353516,2.0,66.66666412353516,4.0,10.0,150.0,,23.0,,,,,4.0,10.0,150.0,,,,,,,5.0,7.0,40.0,16.0,36.0,125.0,0.6605565188671455,1.5069697350244884,128.13638076101975,1.0,3.0,200.0,,2.0,,,0.0837205408346938,,0.0,0.0,0.0,1.0,2.0,100.0,,,,,,,,4.0,1.0,-75.0,6.0,6.0,0.0,11000.0,9000.0,-18.181818181818183,1.0,1.0,county
2887,51141.0,VA,Patrick,22.0,34.0,54.54545454545454,3.588907014681892,6.007067137809187,0.5153019543769245,0.994843797391568,82.0,164.0,100.0,4.373799871986345,8.915950853539197,103.84908122213763,2.0,2.0,0.0,0.10959504544734956,0.11316698044538498,3.259212017059326,1.0,50.0,0.0,0.0,0.0,0.0,0.0,0.0,1.0,50.0,1.0,50.0,1.0,50.0,1.0,50.0,1.0,50.0,28.0,22.0,-21.428571428571427,388.0,250.0,55.2,20.695540857691487,21.093834946178102,1.9245406110688308,28.0,20.0,-28.57142857142857,,,,,,,43.0,43.0,0.0,852.0,611.0,-28.28638497652582,45.444847450394704,33.21735348483201,-26.9062273317335,6.0,13.0,116.66666666666667,6.0,21.0,250.0,0.3200341369746106,1.1416766336848974,256.735892138741,1.0,0.0,-100.0,1.0,6.0,500.0,,11732.0,,,637.8166793519626,,,2.0,8.0,300.0,6.0,12.0,100.0,19000.0,46000.0,142.10526315789474,0.0,0.0,county
2888,51143.0,VA,Pittsylvania,72.0,77.0,6.944444444444445,5.3097345132743365,5.686853766617429,0.24742992146095394,0.3600101216903223,155.0,313.0,101.93548387096773,2.4680349664824934,4.964077839278069,101.13482615495515,1.0,1.0,0.0,0.015984399244189262,0.01640716008841991,2.644834041595459,0.0,0.0,0.0,0.0,0.0,0.0,1.0,100.0,1.0,100.0,1.0,100.0,1.0,100.0,1.0,100.0,1.0,100.0,58.0,50.0,-13.793103448275861,136.0,230.0,-40.869565217391305,2.1655016480104456,2.1569156106767324,-0.39649184019793454,56.0,50.0,-10.714285714285714,132.0,226.0,71.21212121212122,2.1018104230689616,3.5842862353892757,70.53327912208537,35.0,50.0,42.857142857142854,107.0,156.0,45.794392523364486,1.7037402671846886,2.4741090828350756,45.21632965354323,17.0,16.0,-5.88235294117647,17.0,22.0,29.411764705882355,0.2706877060013057,0.3489128193741773,28.89865761856737,0.0,0.0,0.0,1.0,4.0,300.0,,12000.0,,,190.3160832950058,,,11.0,20.0,81.81818181818183,16.0,21.0,31.25,144000.0,102000.0,-29.166666666666668,1.0,1.0,county
2889,51145.0,VA,Powhatan,19.0,25.0,31.57894736842105,8.333333333333332,10.0,0.3549347378062743,2.7275452093116197,31.0,273.0,780.6451612903226,1.1232291025037142,9.695635188407856,763.1930179511883,1.0,1.0,0.0,0.03534318134188652,0.03425947949290276,-3.0662260055541988,0.0,0.0,0.0,0.0,0.0,0.0,0.0,0.0,1.0,100.0,1.0,100.0,1.0,100.0,1.0,100.0,1.0,100.0,7.0,12.0,71.42857142857143,16.0,31.0,-48.38709677419355,0.5797311496793363,0.568242355364563,-1.9817452143339152,7.0,12.0,71.42857142857143,16.0,31.0,93.75,0.5797311496793363,1.1009695635188408,89.91036864722803,12.0,10.0,-16.666666666666664,24.0,28.0,16.666666666666664,0.8695967245190043,0.9944241218879852,14.354630583277109,0.0,5.0,,0.0,7.0,,0.0,0.2486060304719963,,0.0,0.0,0.0,0.0,3.0,,0.0,10350.0,,0.0,367.5817736264517,,,0.0,2.0,,0.0,4.0,,0.0,,,1.0,0.0,county
2890,51147.0,VA,Prince Edward,5.0,21.0,320.0,1.1210762331838564,5.084745762711865,0.04516711833785005,0.5388387721741236,7.0,89.0,1171.4285714285713,0.3139999102857399,3.840013806791216,1122.934682782808,1.0,1.0,0.0,0.044027648866176605,0.043572984635829926,-1.0326788425445557,1.0,100.0,0.0,0.0,0.0,0.0,0.0,0.0,1.0,100.0,1.0,100.0,1.0,100.0,1.0,100.0,1.0,100.0,11.0,4.0,-63.63636363636363,10.0,3.0,233.33333333333334,0.4485713004081999,0.43146222548215907,-3.814126073262288,8.0,4.0,-50.0,9.0,3.0,-66.66666666666666,0.4037141703673799,0.1294386676446477,-67.93804202442075,4.0,8.0,100.0,19.0,20.0,5.263157894736842,0.8522854707755798,0.8629244509643181,1.248288343934439,2.0,1.0,-50.0,,,,,,,0.0,0.0,0.0,0.0,2.0,,0.0,,,0.0,,,,3.0,3.0,0.0,7.0,13.0,85.71428571428571,30000.0,27000.0,-10.0,1.0,1.0,county
2891,51149.0,VA,Prince George,8.0,9.0,12.5,4.301075268817205,5.389221556886229,1.3848396501457727,0.6410851992938772,76.0,69.0,-9.210526315789473,2.205071664829107,1.8555370300650784,-15.851395686548711,1.0,1.0,0.0,0.02678595297038555,0.026259124279022217,-1.966809630393982,1.0,100.0,0.0,0.0,0.0,0.0,0.0,0.0,1.0,100.0,1.0,100.0,1.0,100.0,1.0,100.0,1.0,100.0,7.0,7.0,0.0,100.0,42.0,138.0952380952381,2.9014100853014564,2.6891841015435918,-7.314580756198563,7.0,7.0,0.0,100.0,,,2.9014100853014564,,,4.0,3.0,-25.0,2.0,3.0,50.0,0.058028201706029126,0.08067552304630775,39.02812886570216,3.0,1.0,-66.66666666666666,,,,,,,1.0,1.0,0.0,1.0,2.0,100.0,,,,,,,,0.0,0.0,,2.0,8.0,300.0,,17000.0,,0.0,0.0,county
2892,51153.0,VA,Prince William,38.0,33.0,-13.157894736842104,11.014492753623188,10.0,4.051331000106057,2.1106863885657305,382.0,254.0,-33.50785340314136,1.0379983478979176,0.5898019983606291,-43.17890779353789,6.0,8.0,33.33333206176758,0.013703854754567145,0.01709361560642719,24.735820770263672,1.0,12.5,0.0,0.0,0.0,0.0,0.0,0.0,6.0,75.0,6.0,75.0,6.0,75.0,6.0,75.0,5.0,62.5,23.0,30.0,30.434782608695656,97.0,70.0,38.57142857142858,0.263575496717534,0.22523934583063393,-14.54465660287981,22.0,28.0,27.27272727272727,,68.0,,,0.15789974759260936,,11.0,12.0,9.090909090909092,24.0,42.0,75.0,0.0652145558888744,0.09752631468955283,49.54685094496031,6.0,12.0,100.0,2.0,6.0,200.0,0.005434546324072866,0.01393233066993612,156.36603019136058,0.0,1.0,,0.0,3.0,,0.0,,,0.0,,,,7.0,11.0,57.14285714285714,8.0,11.0,37.5,99000.0,45000.0,-54.54545454545454,1.0,1.0,county
2893,51155.0,VA,Pulaski,17.0,15.0,-11.76470588235294,4.096385542168675,3.3707865168539324,1.2069870305120325,0.08173709087032233,161.0,23.0,-85.71428571428571,4.592389754121741,0.6619848031314759,-85.58517811914082,3.0,2.0,-33.33333206176758,0.08683822304010391,0.058709565550088876,-32.392024993896484,1.0,50.0,0.0,0.0,0.0,0.0,0.0,0.0,1.0,50.0,2.0,100.0,2.0,100.0,2.0,100.0,2.0,100.0,3.0,1.0,-66.66666666666666,,,,,,,3.0,1.0,-66.66666666666666,,,,,,,7.0,9.0,28.57142857142857,8.0,28.0,250.0,0.22819327970791262,0.8058945429426664,253.16313608104997,1.0,0.0,-100.0,,0.0,,,0.0,,0.0,0.0,0.0,0.0,1.0,,0.0,,,0.0,,,,1.0,0.0,-100.0,4.0,1.0,-75.0,2000.0,,,1.0,0.0,county
2894,51157.0,VA,Rappahannock,62.0,53.0,-14.516129032258066,14.903846153846152,13.350125944584384,6.3270990847592525,5.021010666953992,477.0,466.0,-2.3060796645702304,64.43333783601243,62.541940679103476,-2.9354325267498877,0.0,0.0,0.0,0.0,0.0,0.0,0.0,0.0,0.0,0.0,0.0,0.0,0.0,0.0,0.0,0.0,0.0,0.0,0.0,0.0,0.0,0.0,0.0,0.0,15.0,10.0,-33.33333333333333,44.0,59.0,-25.423728813559322,5.943536404160476,5.905247617769427,-0.6442088310293964,15.0,10.0,-33.33333333333333,,,,,,,40.0,45.0,12.5,426.0,466.0,9.389671361502346,57.54423882209915,62.541940679103476,8.684973438357511,9.0,8.0,-11.11111111111111,8.0,5.0,-37.5,1.080642982574632,0.6710508656556168,-37.90263051939336,0.0,0.0,0.0,0.0,1.0,,0.0,,,0.0,,,,5.0,9.0,80.0,22.0,15.0,-31.818181818181817,260000.0,36000.0,-86.15384615384616,1.0,1.0,county
2895,51159.0,VA,Richmond,10.0,4.0,-60.0,8.064516129032258,4.4444444444444455,1.5716720318121566,0.045257645309368336,166.0,7.0,-95.78313253012048,17.61086356885211,0.7739082365948038,-95.60550660352854,1.0,1.0,0.0,0.11170688271522522,0.11064394563436508,-0.9515412449836732,0.0,0.0,0.0,0.0,0.0,0.0,0.0,0.0,0.0,0.0,0.0,0.0,0.0,0.0,0.0,0.0,0.0,0.0,4.0,6.0,50.0,,155.0,,,,,4.0,6.0,50.0,,,,,,,6.0,3.0,-50.0,39.0,,,4.137492043284532,,,2.0,2.0,0.0,,,,,,,0.0,0.0,0.0,0.0,0.0,,0.0,0.0,,0.0,0.0,,,0.0,1.0,,0.0,1.0,,0.0,,,1.0,1.0,county
2896,51161.0,VA,Roanoke,19.0,26.0,36.84210526315789,5.507246376811594,9.285714285714286,5.962834388401062,2.198067632850241,292.0,91.0,-68.83561643835617,3.2045654082528534,0.9780003654067301,-69.48102969319821,2.0,2.0,0.0,0.021435998380184174,0.021260084584355358,-0.8206466436386108,1.0,50.0,0.0,0.0,0.0,0.0,0.0,0.0,2.0,100.0,2.0,100.0,2.0,100.0,2.0,100.0,2.0,100.0,28.0,14.0,-50.0,260.0,72.0,261.11111111111114,2.8533801580333624,2.794286758304943,-2.0709963781744567,28.0,14.0,-50.0,259.0,,,2.8424056189640035,,,29.0,23.0,-20.689655172413794,184.0,123.0,-33.15217391304348,2.019315188762072,1.3219125818134922,-34.53658997019271,3.0,2.0,-33.33333333333333,,,,,,,0.0,0.0,0.0,1.0,3.0,200.0,,8095.0,,,86.99904349414813,,,0.0,0.0,,3.0,2.0,-33.33333333333333,5000.0,,,1.0,1.0,county
2897,51163.0,VA,Rockbridge,60.0,72.0,20.0,7.453416149068322,8.643457382953182,0.8993902439024389,0.7647040312175473,177.0,243.0,37.28813559322034,7.962929638294043,10.819234194122881,35.87002128077033,1.0,2.0,100.0,0.04478280246257782,0.08790435642004013,96.29043579101562,0.0,0.0,0.0,0.0,0.0,0.0,0.0,0.0,2.0,100.0,2.0,100.0,2.0,100.0,1.0,50.0,2.0,100.0,5.0,16.0,220.00000000000003,,48.0,,,,,4.0,16.0,300.0,,,,,,,18.0,29.0,61.111111111111114,98.0,146.0,48.97959183673469,4.408853698038509,6.500445235975066,47.44071092372836,4.0,13.0,225.0,9.0,7.0,-22.22222222222222,0.4048947273708836,0.3116651825467497,-23.025625803898293,1.0,0.0,-100.0,1.0,5.0,400.0,,21320.0,,,949.2430988423864,,,2.0,6.0,200.0,12.0,13.0,8.333333333333332,106000.0,251000.0,136.7924528301887,1.0,0.0,county
2898,51165.0,VA,Rockingham,140.0,208.0,48.57142857142857,7.106598984771575,10.935856992639327,0.23420738305544214,0.2443114135919089,1251.0,1610.0,28.697042366107112,16.84304063333064,20.806678814665478,23.53279474663978,1.0,1.0,0.0,0.012916225008666515,0.012308601289987564,-4.704344272613525,1.0,100.0,0.0,0.0,0.0,0.0,0.0,0.0,1.0,100.0,1.0,100.0,1.0,100.0,1.0,100.0,1.0,100.0,74.0,104.0,40.54054054054054,259.0,372.0,-30.376344086021508,3.487088348547271,3.3471613745331417,-4.012716628542642,74.0,104.0,40.54054054054054,256.0,359.0,40.234375,3.4466973638150633,4.639501673580687,34.607166915442164,29.0,31.0,6.896551724137931,1400.0,733.0,-47.64285714285714,18.849126208363625,9.472854392018506,-49.74380092051553,20.0,39.0,95.0,19.0,30.0,57.89473684210527,0.25580956997064924,0.3877020897142635,51.558868481248446,3.0,3.0,0.0,6.0,25.0,316.66666666666663,16400.0,273738.0,,220.8040498694025,3537.626487806769,,,21.0,22.0,4.761904761904762,17.0,12.0,-29.411764705882355,199000.0,181000.0,-9.045226130653267,,,county
2899,51167.0,VA,Russell,45.0,31.0,-31.11111111111111,4.416094210009813,3.1155778894472363,1.7868353696817505,0.5098868299962691,370.0,164.0,-55.67567567567567,12.80764304752674,5.771599507302481,-54.936286982037466,1.0,1.0,0.0,0.0353207103908062,0.0373859740793705,5.847174644470215,0.0,0.0,0.0,0.0,0.0,0.0,0.0,0.0,0.0,0.0,0.0,0.0,0.0,0.0,0.0,0.0,0.0,0.0,25.0,15.0,-40.0,30.0,19.0,57.89473684210527,1.03845754439406,1.0557803976772833,1.6681330283301217,24.0,15.0,-37.5,,18.0,,,0.6334682386063699,,11.0,9.0,-18.181818181818183,33.0,23.0,-30.303030303030305,1.142303298833466,0.8094316382192505,-29.14039213176992,6.0,10.0,66.66666666666666,,64.0,,,2.2523315150448706,,1.0,1.0,0.0,0.0,0.0,,0.0,0.0,,0.0,0.0,,,6.0,0.0,-100.0,2.0,7.0,250.0,,65000.0,,0.0,0.0,county
2900,51169.0,VA,Scott,37.0,28.0,-24.324324324324326,2.650429799426934,2.1671826625387,2.43531202435312,0.4263483265828182,320.0,60.0,-81.25,13.732726804566132,2.6327336551118914,-80.82876261518209,2.0,2.0,0.0,0.08784258365631104,0.0928763821721077,5.730476379394531,1.0,50.0,0.0,0.0,0.0,0.0,0.0,0.0,1.0,50.0,1.0,50.0,1.0,50.0,1.0,50.0,1.0,50.0,44.0,40.0,-9.090909090909092,267.0,116.0,130.17241379310346,11.458243927559867,11.715664765247917,2.2465993856954856,41.0,32.0,-21.951219512195124,192.0,112.0,-41.66666666666667,8.239636082739679,4.914436156208864,-40.3561503583443,22.0,11.0,-50.0,22.0,12.0,-45.45454545454545,0.9441249678139215,0.5265467310223783,-44.22912760780246,8.0,6.0,-25.0,55.0,13.0,-76.36363636363637,2.360312419534804,0.5704256252742431,-75.83262196338106,0.0,0.0,0.0,1.0,0.0,-100.0,,0.0,,,0.0,,,6.0,8.0,33.33333333333333,5.0,3.0,-40.0,14000.0,,,,0.0,county
2901,51171.0,VA,Shenandoah,77.0,91.0,18.181818181818183,7.38255033557047,9.285714285714286,0.6369614869654249,0.5459515710668965,647.0,703.0,8.65533230293663,15.69854903673509,16.498474536493777,5.095537797071825,2.0,3.0,50.0,0.0470510721206665,0.06897027045488358,46.58597183227539,2.0,66.66666412353516,0.0,0.0,0.0,0.0,0.0,0.0,3.0,100.0,3.0,100.0,3.0,100.0,3.0,100.0,3.0,100.0,32.0,30.0,-6.25,112.0,91.0,23.076923076923077,2.717523171737759,2.6284909645623094,-3.2762262379723066,32.0,30.0,-6.25,,91.0,,,2.135648908706876,,23.0,26.0,13.043478260869565,,,,,,,25.0,23.0,-8.0,35.0,34.0,-2.857142857142857,0.8492259911680498,0.7979347570992725,-6.039762631173098,2.0,2.0,0.0,1.0,12.0,1100.0,,12252.0,,,287.53813658765546,,,8.0,4.0,-50.0,11.0,15.0,36.36363636363637,277000.0,566000.0,104.33212996389891,1.0,1.0,county
2902,51173.0,VA,Smyth,34.0,30.0,-11.76470588235294,4.467805519053877,3.787878787878788,0.6243297073693888,0.2346364859735689,163.0,136.0,-16.56441717791411,5.023267280963975,4.266934395883664,-15.056592507957673,2.0,2.0,0.0,0.06294652819633484,0.06563402712345122,4.2694950103759775,1.0,50.0,0.0,0.0,0.0,0.0,2.0,100.0,1.0,50.0,2.0,100.0,2.0,100.0,2.0,100.0,2.0,100.0,32.0,13.0,-59.375,92.0,23.0,300.0,2.8352183426299735,2.886455620744831,1.80717221472718,30.0,13.0,-56.666666666666664,89.0,23.0,-74.15730337078652,2.7427655705876917,0.7216139051862077,-73.69028133776713,3.0,2.0,-33.33333333333333,,,,,,,2.0,4.0,100.0,,4.0,,,0.12549807046716654,,0.0,0.0,0.0,0.0,0.0,,0.0,0.0,,0.0,0.0,,,4.0,0.0,-100.0,4.0,5.0,25.0,5000.0,,,0.0,,county
2903,51175.0,VA,Southampton,15.0,17.0,13.333333333333334,4.385964912280701,5.074626865671642,0.23260376089454365,0.0871608306806124,83.0,69.0,-16.867469879518072,4.469333907705561,3.712871287128713,-16.925623285220077,0.0,0.0,0.0,0.0,0.0,0.0,0.0,0.0,0.0,0.0,0.0,0.0,0.0,0.0,0.0,0.0,0.0,0.0,0.0,0.0,0.0,0.0,0.0,0.0,21.0,23.0,9.523809523809524,657.0,376.0,74.7340425531915,35.37773948629584,35.352991820921225,-0.06995264743864811,21.0,23.0,9.523809523809524,,,,,,,7.0,2.0,-71.42857142857143,16.0,,,0.8615583436540842,,,1.0,4.0,300.0,,3.0,,,0.16142918639690054,,0.0,0.0,0.0,0.0,3.0,,0.0,,,0.0,,,,3.0,2.0,-33.33333333333333,8.0,7.0,-12.5,32000.0,23000.0,-28.125,0.0,0.0,county
2904,51177.0,VA,Spotsylvania,23.0,38.0,65.21739130434783,6.406685236768802,10.29810298102981,4.112922852275493,3.1284103310294653,338.0,344.0,1.7751479289940828,2.8383564404658936,2.7262856735272907,-3.9484387986241583,3.0,3.0,0.0,0.02355065383017063,0.02234836667776108,-5.105111598968506,2.0,66.66666412353516,0.0,0.0,0.0,0.0,0.0,0.0,2.0,66.66666412353516,2.0,66.66666412353516,2.0,66.66666412353516,2.0,66.66666412353516,2.0,66.66666412353516,9.0,11.0,22.22222222222222,41.0,62.0,-33.87096774193548,0.3442976747310699,0.32493521108900847,-5.623756726555133,9.0,11.0,22.22222222222222,41.0,62.0,51.21951219512195,0.3442976747310699,0.4913654411589884,42.71529470618491,9.0,10.0,11.11111111111111,34.0,78.0,129.41176470588235,0.28551514489893604,0.6181694259742112,116.51020515672646,7.0,6.0,-14.285714285714285,22.0,3.0,-86.36363636363636,0.18474509375813508,0.02377574715285428,-87.1305122808939,0.0,0.0,0.0,1.0,7.0,600.0,,50000.0,,,396.2624525475713,,,0.0,4.0,,7.0,7.0,0.0,,,,1.0,0.0,county
2905,51179.0,VA,Stafford,14.0,27.0,92.85714285714286,6.008583690987124,12.558139534883724,15.511079342387418,12.267250821467691,434.0,336.0,-22.58064516129032,3.5421053490687693,2.499628031542925,-29.431008250500362,0.0,3.0,,0.0,0.020005334168672558,,3.0,100.0,0.0,0.0,0.0,0.0,0.0,0.0,3.0,100.0,3.0,100.0,3.0,100.0,3.0,100.0,3.0,100.0,7.0,6.0,-14.285714285714285,,17.0,,,,,7.0,6.0,-14.285714285714285,,17.0,,,0.12646927540544564,,6.0,4.0,-33.33333333333333,12.0,21.0,75.0,0.09793839674844523,0.15622675197143285,59.515325100431504,3.0,5.0,66.66666666666666,,2.0,,,0.014878738282993603,,0.0,0.0,0.0,0.0,0.0,,0.0,0.0,,0.0,0.0,,,0.0,0.0,,1.0,7.0,600.0,,14000.0,,0.0,0.0,county
2906,51181.0,VA,Surry,7.0,8.0,14.285714285714285,5.785123966942148,6.299212598425196,,0.2741406052735995,,76.0,,,11.088415523781734,,1.0,1.0,0.0,0.14734050631523132,0.1544640064239502,4.834719657897949,0.0,0.0,0.0,0.0,0.0,0.0,0.0,0.0,0.0,0.0,0.0,0.0,0.0,0.0,0.0,0.0,0.0,0.0,8.0,13.0,62.5,49.0,54.0,-9.25925925925926,6.958250497017893,7.149110008754012,2.7429238400933658,8.0,13.0,62.5,49.0,,,6.958250497017893,,,6.0,6.0,0.0,3.0,27.0,800.0,0.4260153365521159,3.939305515027721,824.6863145608403,3.0,1.0,-66.66666666666666,7.0,,,0.9940357852882704,,,0.0,0.0,0.0,0.0,0.0,,0.0,0.0,,0.0,0.0,,,0.0,0.0,,1.0,12.0,1100.0,,26000.0,,1.0,0.0,county
2907,51183.0,VA,Sussex,10.0,10.0,0.0,6.622516556291392,8.130081300813007,1.0916386381070395,0.02414357378544411,185.0,9.0,-95.13513513513514,15.175129193667463,0.7540214477211796,-95.03120244909789,0.0,0.0,0.0,0.0,0.0,0.0,0.0,0.0,0.0,0.0,0.0,0.0,0.0,0.0,0.0,0.0,0.0,0.0,0.0,0.0,0.0,0.0,0.0,0.0,13.0,4.0,-69.23076923076923,257.0,10.0,2470.0,21.08112542039209,21.531501340482574,2.1363941018766845,13.0,4.0,-69.23076923076923,257.0,10.0,-96.10894941634241,21.08112542039209,0.8378016085790885,-96.02582124117211,4.0,3.0,-25.0,8.0,,,0.6562218029694036,,,1.0,5.0,400.0,,,,,,,0.0,0.0,0.0,0.0,1.0,,0.0,,,0.0,,,,0.0,3.0,,2.0,2.0,0.0,,,,1.0,0.0,county
2908,51185.0,VA,Tazewell,17.0,38.0,123.52941176470588,2.951388888888889,6.506849315068492,0.13029315960912052,0.3515914137675796,28.0,95.0,239.28571428571428,0.6339287735742263,2.1470382172802682,238.68761078232907,3.0,4.0,33.33333206176758,0.06814619898796083,0.09790723025798798,43.67232894897461,1.0,25.0,0.0,0.0,0.0,0.0,2.0,50.0,2.0,50.0,2.0,50.0,2.0,50.0,2.0,50.0,2.0,50.0,5.0,17.0,240.0,8.0,39.0,-79.48717948717949,0.18112250673549324,0.18080321829728568,-0.1762831378398684,4.0,17.0,325.0,7.0,39.0,457.1428571428571,0.15848219339355657,0.8814156891992677,456.1607082320351,9.0,10.0,11.11111111111111,21.0,18.0,-14.285714285714285,0.4754465801806697,0.40680724116889283,-14.436814118148442,0.0,7.0,,0.0,2.0,,0.0,0.04520080457432142,,0.0,0.0,0.0,0.0,4.0,,0.0,800.0,,0.0,18.080321829728568,,,3.0,0.0,-100.0,8.0,23.0,187.5,28000.0,73000.0,160.71428571428572,0.0,0.0,county
2909,51187.0,VA,Warren,25.0,31.0,24.0,6.459948320413437,8.959537572254336,2.068717395214967,1.4649459365190094,115.0,84.0,-26.956521739130434,3.1238115934155486,2.210933593030295,-29.223209309724112,1.0,1.0,0.0,0.025987526401877403,0.024998124688863758,-3.807217836380005,1.0,100.0,0.0,0.0,0.0,0.0,0.0,0.0,1.0,100.0,1.0,100.0,1.0,100.0,1.0,100.0,1.0,100.0,8.0,11.0,37.5,,32.0,,,,,8.0,11.0,37.5,,,,,,,17.0,22.0,29.411764705882355,77.0,108.0,40.25974025974026,2.0915955886347586,2.842628905324665,35.90719548132755,9.0,8.0,-11.11111111111111,4.0,6.0,50.0,0.10865431629271473,0.15792382807359248,45.34519516753084,0.0,0.0,0.0,0.0,5.0,,0.0,498.0,,0.0,13.107677730108177,,,0.0,2.0,,6.0,8.0,33.33333333333333,28000.0,512000.0,1728.5714285714284,0.0,0.0,county
2910,51191.0,VA,Washington,64.0,72.0,12.5,3.5734226689000557,4.49438202247191,0.35258524601351193,0.35294117647058826,155.0,270.0,74.19354838709677,2.8589346318429985,4.90418672236854,71.53895957415017,2.0,2.0,0.0,0.03651100769639015,0.036763355135917664,0.691154420375824,1.0,50.0,0.0,0.0,0.0,0.0,2.0,100.0,2.0,100.0,2.0,100.0,2.0,100.0,2.0,100.0,2.0,100.0,52.0,64.0,23.076923076923077,200.0,101.0,98.01980198019803,3.6889479120554816,3.6327309054581782,-1.523930614839699,49.0,64.0,30.612244897959183,195.0,99.0,-49.23076923076923,3.5967242142540945,1.7982017982017982,-50.00445708138016,18.0,31.0,72.22222222222221,153.0,195.0,27.450980392156865,2.8220451527224437,3.541912632821724,25.508715883047433,13.0,22.0,69.23076923076923,11.0,17.0,54.54545454545454,0.2028921351630515,0.30878212696394514,52.19028904979318,1.0,0.0,-100.0,3.0,3.0,0.0,19000.0,,,350.4500516452708,,,,13.0,9.0,-30.76923076923077,10.0,15.0,50.0,21000.0,12000.0,-42.857142857142854,1.0,1.0,county
2911,51193.0,VA,Westmoreland,10.0,20.0,100.0,5.847953216374267,13.157894736842106,3.90403403718878,1.890486045080821,991.0,676.0,-31.786074672048436,57.861855549716815,38.60210141617178,-33.28575267863028,0.0,2.0,,0.0,0.1121705025434494,,1.0,50.0,0.0,0.0,0.0,0.0,0.0,0.0,1.0,50.0,1.0,50.0,2.0,100.0,2.0,100.0,2.0,100.0,18.0,25.0,38.88888888888889,1514.0,2198.0,-31.11919927206551,88.39843521924448,86.45500228414801,-2.198492462311572,18.0,25.0,38.88888888888889,,,,,,,11.0,10.0,-9.090909090909092,211.0,130.0,-38.388625592417064,12.319729082734863,7.423481041571494,-39.74314701469432,8.0,15.0,87.5,61.0,32.0,-47.540983606557376,3.561627839084487,1.8273184102329831,-48.69429112777,0.0,0.0,0.0,0.0,0.0,,0.0,0.0,,0.0,0.0,,,4.0,3.0,-25.0,7.0,9.0,28.57142857142857,102000.0,336000.0,229.41176470588235,1.0,0.0,county
2912,51195.0,VA,Wise,7.0,10.0,42.857142857142854,3.9325842696629216,6.0606060606060606,0.5887300252312868,,7.0,15.0,114.28571428571428,0.1685001083214982,0.3668468292205728,117.71311180443223,3.0,4.0,33.33333206176758,0.07375537604093553,0.1052299290895462,42.67424774169922,2.0,50.0,0.0,0.0,1.0,25.0,3.0,75.0,4.0,100.0,4.0,100.0,4.0,100.0,4.0,100.0,4.0,100.0,5.0,7.0,40.0,12.0,10.0,20.0,0.28885732855113977,0.2934774633764582,1.5994521754016937,5.0,7.0,40.0,12.0,10.0,-16.666666666666664,0.28885732855113977,0.24456455281371517,-15.33378985383192,6.0,11.0,83.33333333333334,36.0,59.0,63.888888888888886,0.8665719856534194,1.4429308616009195,66.51021328746388,1.0,3.0,200.0,,,,,,,0.0,0.0,0.0,0.0,4.0,,0.0,5000.0,,0.0,122.28227640685758,,,0.0,1.0,,0.0,4.0,,0.0,14000.0,,1.0,,county
2913,51197.0,VA,Wythe,38.0,44.0,15.789473684210526,4.0169133192389,4.621848739495799,0.4820413402845091,0.4626749611197512,184.0,238.0,29.347826086956523,6.382904915530579,8.123698672218998,27.272750882639695,1.0,2.0,100.0,0.03416350483894348,0.06955554336309433,103.59603881835938,1.0,50.0,0.0,0.0,0.0,0.0,1.0,50.0,2.0,100.0,2.0,100.0,2.0,100.0,2.0,100.0,2.0,100.0,15.0,11.0,-26.666666666666668,78.0,203.0,-61.57635467980296,2.705796648974919,2.662388640475134,-1.6042598218247544,14.0,9.0,-35.714285714285715,,183.0,,,6.246373348807045,,6.0,8.0,33.33333333333333,,56.0,,,1.9114585111103526,,6.0,8.0,33.33333333333333,4.0,10.0,150.0,0.13875880251153433,0.34133187698399153,145.98935044543808,0.0,0.0,0.0,0.0,0.0,,0.0,0.0,,0.0,0.0,,,7.0,1.0,-85.71428571428571,13.0,14.0,7.6923076923076925,358000.0,207000.0,-42.17877094972067,0.0,0.0,county
2914,51199.0,VA,York,6.0,10.0,66.66666666666666,13.333333333333336,21.27659574468085,0.7040482775961779,,28.0,,,0.4326997372894452,,,1.0,1.0,0.0,0.015144631266593931,0.014739262871444225,-2.676647424697876,0.0,0.0,0.0,0.0,0.0,0.0,0.0,0.0,1.0,100.0,1.0,100.0,1.0,100.0,1.0,100.0,1.0,100.0,5.0,5.0,0.0,18.0,28.0,-35.714285714285715,0.2781641168289291,0.2731825770223099,-1.7908635604796004,5.0,5.0,0.0,,28.0,,,0.42495067536803766,,1.0,2.0,100.0,,,,,,,2.0,3.0,50.0,,3.0,,,0.04553042950371832,,0.0,0.0,0.0,0.0,0.0,,0.0,0.0,,0.0,0.0,,,2.0,2.0,0.0,0.0,6.0,,0.0,,,1.0,1.0,county
2915,51510.0,VA,Alexandria,,,,,,,,,,,,,,4.0,5.0,25.0,0.026724748313426968,0.03114682622253895,16.5467529296875,2.0,40.0,0.0,0.0,0.0,0.0,0.0,0.0,5.0,100.0,5.0,100.0,5.0,100.0,5.0,100.0,5.0,100.0,,,,,,,,,,,,,,,,,,,,,,,,,,,,,,,,,,,,,0.0,0.0,0.0,,,,,,,,,,,,,,,,,,,,1.0,0.0,city
2916,51515.0,VA,Bedford,,,,,,,,,,,,,,1.0,1.0,0.0,,,,1.0,100.0,0.0,0.0,0.0,0.0,0.0,0.0,1.0,100.0,1.0,100.0,1.0,100.0,1.0,100.0,1.0,100.0,,,,,,,,,,,,,,,,,,,,,,,,,,,,,,,,,,,,,0.0,0.0,0.0,,,,,,,,,,,,,,,,,,,,1.0,1.0,city
2917,51520.0,VA,Bristol,,,,,,,,,,,,,,0.0,0.0,0.0,0.0,0.0,0.0,0.0,0.0,0.0,0.0,0.0,0.0,0.0,0.0,0.0,0.0,0.0,0.0,0.0,0.0,0.0,0.0,0.0,0.0,,,,,,,,,,,,,,,,,,,,,,,,,,,,,,,,,,,,,0.0,0.0,0.0,,,,,,,,,,,,,,,,,,,,1.0,0.0,city
2918,51530.0,VA,Buena Vista,,,,,,,,,,,,,,1.0,1.0,0.0,0.15033072233200073,0.16033349931240082,6.653847694396973,0.0,0.0,0.0,0.0,0.0,0.0,0.0,0.0,0.0,0.0,0.0,0.0,0.0,0.0,0.0,0.0,0.0,0.0,,,,,,,,,,,,,,,,,,,,,,,,,,,,,,,,,,,,,0.0,0.0,0.0,,,,,,,,,,,,,,,,,,,,0.0,0.0,city
2919,51540.0,VA,Charlottesville,,,,,,,,,,,,,,3.0,2.0,-33.33333206176758,0.06664741039276123,0.04156535118818283,-37.63396072387695,2.0,100.0,0.0,0.0,0.0,0.0,0.0,0.0,2.0,100.0,2.0,100.0,2.0,100.0,2.0,100.0,2.0,100.0,,,,,,,,,,,,,,,,,,,,,,,,,,,,,,,,,,,,,0.0,0.0,0.0,,,,,,,,,,,,,,,,,,,,1.0,1.0,city
2920,51550.0,VA,Chesapeake,32.0,36.0,12.5,10.996563573883162,14.229249011857707,0.4266427147949589,0.3235606490972411,152.0,131.0,-13.815789473684212,0.6990112669579214,0.5739798712707739,-17.886892758006727,2.0,2.0,0.0,0.008683193475008009,0.008242867887020111,-5.071009635925293,0.0,0.0,0.0,0.0,0.0,0.0,0.0,0.0,0.0,0.0,1.0,50.0,1.0,50.0,1.0,50.0,1.0,50.0,24.0,17.0,-29.166666666666668,214.0,79.0,170.8860759493671,0.9841342837433893,0.9376465072667605,-4.72372289478642,24.0,17.0,-29.166666666666668,,79.0,,,0.3461405330564209,,11.0,3.0,-72.72727272727273,18.0,,,0.0827776500344907,,,8.0,6.0,-25.0,11.0,11.0,0.0,0.05058634168774431,0.048196783083805435,-4.723722894786431,0.0,0.0,0.0,0.0,1.0,,0.0,,,0.0,,,,3.0,4.0,33.33333333333333,9.0,5.0,-44.44444444444444,36000.0,45000.0,25.0,1.0,1.0,city
2921,51570.0,VA,Colonial Heights,,,,,,,,,,,,,,0.0,1.0,,0.0,0.0560758151113987,,0.0,0.0,0.0,0.0,0.0,0.0,0.0,0.0,1.0,100.0,1.0,100.0,1.0,100.0,1.0,100.0,1.0,100.0,,,,,,,,,,,,,,,,,,,,,,,,,,,,,,,,,,,,,0.0,0.0,0.0,,,,,,,,,,,,,,,,,,,,0.0,0.0,city
2922,51580.0,VA,Covington,,,,,,,,,,,,,,1.0,1.0,0.0,0.17152658104896545,0.18315018713474274,6.776562690734862,0.0,0.0,0.0,0.0,0.0,0.0,0.0,0.0,1.0,100.0,1.0,100.0,1.0,100.0,1.0,100.0,1.0,100.0,,,,,,,,,,,,,,,,,,,,,,,,,,,,,,,,,,,,,0.0,0.0,0.0,,,,,,,,,,,,,,,,,,,,0.0,0.0,city
2923,51590.0,VA,Danville,,,,,,,,,,,,,,1.0,1.0,0.0,0.023457659408450127,0.024574251845479008,4.76003360748291,1.0,100.0,1.0,100.0,1.0,100.0,1.0,100.0,1.0,100.0,1.0,100.0,1.0,100.0,1.0,100.0,1.0,100.0,,,,,,,,,,,,,,,,,,,,,,,,,,,,,,,,,,,,,0.0,0.0,0.0,,,,,,,,,,,,,,,,,,,,0.0,0.0,city
2924,51595.0,VA,Emporia,,,,,,,,,,,,,,1.0,1.0,0.0,0.1756543070077896,0.19527435302734372,11.169692993164062,0.0,0.0,0.0,0.0,0.0,0.0,1.0,100.0,0.0,0.0,1.0,100.0,1.0,100.0,1.0,100.0,1.0,100.0,,,,,,,,,,,,,,,,,,,,,,,,,,,,,,,,,,,,,0.0,0.0,0.0,,,,,,,,,,,,,,,,,,,,0.0,0.0,city
2925,51600.0,VA,Fairfax,,,,,,,,,,,,,,0.0,0.0,0.0,0.0,0.0,0.0,0.0,0.0,0.0,0.0,0.0,0.0,0.0,0.0,0.0,0.0,0.0,0.0,0.0,0.0,0.0,0.0,0.0,0.0,,,,,,,,,,,,,,,,,,,,,,,,,,,,,,,,,,,,,0.0,0.0,0.0,,,,,,,,,,,,,,,,,,,,,,city
2926,51610.0,VA,Falls Church,,,,,,,,,,,,,,1.0,1.0,0.0,0.0746380090713501,0.06769564002752304,-9.301385879516602,0.0,0.0,0.0,0.0,0.0,0.0,0.0,0.0,1.0,100.0,1.0,100.0,1.0,100.0,1.0,100.0,1.0,100.0,,,,,,,,,,,,,,,,,,,,,,,,,,,,,,,,,,,,,0.0,0.0,0.0,,,,,,,,,,,,,,,,,,,,1.0,,city
2927,51620.0,VA,Franklin,,,,,,,,,,,,,,1.0,1.0,0.0,0.11706860363483428,0.12479720264673233,6.601768970489503,0.0,0.0,0.0,0.0,0.0,0.0,1.0,100.0,0.0,0.0,1.0,100.0,1.0,100.0,1.0,100.0,1.0,100.0,,,,,,,,,,,,,,,,,,,,,,,,,,,,,,,,,,,,,0.0,0.0,0.0,,,,,,,,,,,,,,,,,,,,0.0,0.0,city
2928,51630.0,VA,Fredericksburg,,,,,,,,,,,,,,1.0,1.0,0.0,0.03594665601849556,0.03431237861514092,-4.546396255493164,1.0,100.0,0.0,0.0,0.0,0.0,0.0,0.0,1.0,100.0,1.0,100.0,1.0,100.0,1.0,100.0,1.0,100.0,,,,,,,,,,,,,,,,,,,,,,,,,,,,,,,,,,,,,1.0,0.0,-100.0,,,,,,,,,,,,,,,,,,,,1.0,,city
2929,51640.0,VA,Galax,,,,,,,,,,,,,,2.0,3.0,50.0,0.28839221596717834,0.4670714735984802,61.95703125,0.0,0.0,0.0,0.0,0.0,0.0,0.0,0.0,0.0,0.0,1.0,33.33333206176758,1.0,33.33333206176758,1.0,33.33333206176758,1.0,33.33333206176758,,,,,,,,,,,,,,,,,,,,,,,,,,,,,,,,,,,,,0.0,0.0,0.0,,,,,,,,,,,,,,,,,,,,1.0,1.0,city
2930,51650.0,VA,Hampton,0.0,0.0,,,,,,0.0,0.0,,0.0,0.0,,2.0,2.0,0.0,0.014572692103683947,0.014890591613948343,2.1814742088317867,0.0,0.0,0.0,0.0,0.0,0.0,0.0,0.0,1.0,50.0,1.0,50.0,1.0,50.0,1.0,50.0,1.0,50.0,0.0,0.0,,0.0,0.0,,0.0,0.0,,0.0,0.0,,0.0,0.0,,0.0,0.0,,0.0,0.0,,0.0,0.0,,0.0,0.0,,0.0,0.0,,0.0,0.0,,0.0,0.0,,0.0,0.0,0.0,0.0,0.0,,0.0,0.0,,0.0,0.0,,,0.0,0.0,,0.0,0.0,,0.0,0.0,,0.0,1.0,city
2931,51660.0,VA,Harrisonburg,,,,,,,,,,,,,,2.0,2.0,0.0,0.0387972854077816,0.037014417350292206,-4.59534215927124,1.0,50.0,0.0,0.0,0.0,0.0,0.0,0.0,1.0,50.0,1.0,50.0,1.0,50.0,1.0,50.0,1.0,50.0,,,,,,,,,,,,,,,,,,,,,,,,,,,,,,,,,,,,,1.0,0.0,-100.0,,,,,,,,,,,,,,,,,,,,1.0,1.0,city
2932,51670.0,VA,Hopewell,,,,,,,,,,,,,,0.0,0.0,0.0,0.0,0.0,0.0,0.0,0.0,0.0,0.0,0.0,0.0,0.0,0.0,0.0,0.0,0.0,0.0,0.0,0.0,0.0,0.0,0.0,0.0,,,,,,,,,,,,,,,,,,,,,,,,,,,,,,,,,,,,,0.0,0.0,0.0,,,,,,,,,,,,,,,,,,,,1.0,0.0,city
2933,51678.0,VA,Lexington,,,,,,,,,,,,,,2.0,1.0,-50.0,0.279994398355484,0.1401345282793045,-49.95095443725586,1.0,100.0,0.0,0.0,0.0,0.0,0.0,0.0,0.0,0.0,1.0,100.0,1.0,100.0,1.0,100.0,1.0,100.0,,,,,,,,,,,,,,,,,,,,,,,,,,,,,,,,,,,,,0.0,0.0,0.0,,,,,,,,,,,,,,,,,,,,1.0,1.0,city
2934,51680.0,VA,Lynchburg,,,,,,,,,,,,,,1.0,1.0,0.0,0.012828736566007136,0.012176412157714369,-5.084868907928467,1.0,100.0,0.0,0.0,0.0,0.0,0.0,0.0,1.0,100.0,1.0,100.0,1.0,100.0,1.0,100.0,1.0,100.0,,,,,,,,,,,,,,,,,,,,,,,,,,,,,,,,,,,,,0.0,0.0,0.0,,,,,,,,,,,,,,,,,,,,1.0,,city
2935,51683.0,VA,Manassas,,,,,,,,,,,,,,2.0,2.0,0.0,0.048649962991476066,0.0480295866727829,-1.2751835584640503,2.0,100.0,0.0,0.0,0.0,0.0,0.0,0.0,2.0,100.0,2.0,100.0,2.0,100.0,2.0,100.0,2.0,100.0,,,,,,,,,,,,,,,,,,,,,,,,,,,,,,,,,,,,,0.0,0.0,0.0,,,,,,,,,,,,,,,,,,,,0.0,1.0,city
2936,51685.0,VA,Manassas Park,,,,,,,,,,,,,,1.0,0.0,,0.06288912892341614,0.0,,0.0,0.0,0.0,0.0,0.0,0.0,0.0,0.0,0.0,0.0,0.0,0.0,0.0,0.0,0.0,0.0,0.0,0.0,,,,,,,,,,,,,,,,,,,,,,,,,,,,,,,,,,,,,0.0,0.0,0.0,,,,,,,,,,,,,,,,,,,,1.0,0.0,city
2937,51690.0,VA,Martinsville,,,,,,,,,,,,,,1.0,1.0,0.0,0.07453786581754683,0.07750736176967621,3.983875751495361,1.0,100.0,0.0,0.0,0.0,0.0,1.0,100.0,1.0,100.0,1.0,100.0,0.0,0.0,1.0,100.0,1.0,100.0,,,,,,,,,,,,,,,,,,,,,,,,,,,,,,,,,,,,,0.0,0.0,0.0,,,,,,,,,,,,,,,,,,,,0.0,0.0,city
2938,51700.0,VA,Newport News,0.0,0.0,,,,,,0.0,0.0,,0.0,0.0,,4.0,4.0,0.0,0.022060446441173557,0.022393155843019485,1.5081716775894165,0.0,0.0,0.0,0.0,0.0,0.0,0.0,0.0,2.0,50.0,2.0,50.0,2.0,50.0,2.0,50.0,2.0,50.0,0.0,0.0,,0.0,0.0,,0.0,0.0,,0.0,0.0,,0.0,0.0,,0.0,0.0,,0.0,0.0,,0.0,0.0,,0.0,0.0,,0.0,0.0,,0.0,0.0,,0.0,0.0,,0.0,1.0,,0.0,0.0,,0.0,0.0,,0.0,0.0,,,0.0,0.0,,0.0,0.0,,0.0,0.0,,1.0,1.0,city
2939,51710.0,VA,Norfolk,,,,,,,,,,,,,,1.0,1.0,0.0,0.00407416606321931,0.004097084514796735,0.5625311136245728,1.0,100.0,0.0,0.0,0.0,0.0,0.0,0.0,1.0,100.0,1.0,100.0,1.0,100.0,1.0,100.0,1.0,100.0,,,,,,,,,,,,,,,,,,,,,,,,,,,,,,,,,,,,,0.0,0.0,0.0,,,,,,,,,,,,,,,,,,,,,1.0,city
2940,51720.0,VA,Norton,,,,,,,,,,,,,,1.0,1.0,0.0,0.24390244483947754,0.2520161271095276,3.3266096115112305,1.0,100.0,0.0,0.0,0.0,0.0,1.0,100.0,1.0,100.0,1.0,100.0,1.0,100.0,1.0,100.0,1.0,100.0,,,,,,,,,,,,,,,,,,,,,,,,,,,,,,,,,,,,,0.0,0.0,0.0,,,,,,,,,,,,,,,,,,,,1.0,0.0,city
2941,51730.0,VA,Petersburg,,,,,,,,,,,,,,1.0,1.0,0.0,0.030953044071793563,0.03167865052819252,2.344216823577881,1.0,100.0,0.0,0.0,0.0,0.0,0.0,0.0,1.0,100.0,1.0,100.0,1.0,100.0,1.0,100.0,1.0,100.0,,,,,,,,,,,,,,,,,,,,,,,,,,,,,,,,,,,,,0.0,0.0,0.0,,,,,,,,,,,,,,,,,,,,,,city
2942,51735.0,VA,Poquoson,,,,,,,,,,,,,,0.0,0.0,0.0,0.0,0.0,0.0,0.0,0.0,0.0,0.0,0.0,0.0,0.0,0.0,0.0,0.0,0.0,0.0,0.0,0.0,0.0,0.0,0.0,0.0,,,,,,,,,,,,,,,,,,,,,,,,,,,,,,,,,,,,,0.0,0.0,0.0,,,,,,,,,,,,,,,,,,,,0.0,0.0,city
2943,51740.0,VA,Portsmouth,,,,,,,,,,,,,,1.0,1.0,0.0,0.010408968664705752,0.010567249730229378,1.5206220149993896,0.0,0.0,0.0,0.0,0.0,0.0,0.0,0.0,1.0,100.0,1.0,100.0,1.0,100.0,1.0,100.0,1.0,100.0,,,,,,,,,,,,,,,,,,,,,,,,,,,,,,,,,,,,,0.0,0.0,0.0,,,,,,,,,,,,,,,,,,,,1.0,1.0,city
2944,51750.0,VA,Radford,,,,,,,,,,,,,,1.0,1.0,0.0,0.05842486396431922,0.054528601467609406,-6.6688432693481445,0.0,0.0,0.0,0.0,0.0,0.0,0.0,0.0,1.0,100.0,1.0,100.0,1.0,100.0,1.0,100.0,0.0,0.0,,,,,,,,,,,,,,,,,,,,,,,,,,,,,,,,,,,,,0.0,0.0,0.0,,,,,,,,,,,,,,,,,,,,1.0,0.0,city
2945,51760.0,VA,Richmond,,,,,,,,,,,,,,12.0,11.0,-8.333333015441895,0.0561232827603817,0.04808049649000168,-14.330570220947266,7.0,63.6363639831543,0.0,0.0,0.0,0.0,0.0,0.0,8.0,72.7272720336914,9.0,81.81818389892578,9.0,81.81818389892578,9.0,81.81818389892578,9.0,81.81818389892578,,,,,,,,,,,,,,,,,,,,,,,,,,,,,,,,,,,,,0.0,0.0,0.0,,,,,,,,,,,,,,,,,,,,1.0,1.0,city
2946,51770.0,VA,Roanoke,,,,,,,,,,,,,,2.0,2.0,0.0,0.020230628550052643,0.020016012713313103,-1.0608460903167725,2.0,100.0,0.0,0.0,0.0,0.0,0.0,0.0,2.0,100.0,2.0,100.0,2.0,100.0,2.0,100.0,2.0,100.0,,,,,,,,,,,,,,,,,,,,,,,,,,,,,,,,,,,,,1.0,1.0,0.0,,,,,,,,,,,,,,,,,,,,1.0,1.0,city
2947,51775.0,VA,Salem,,,,,,,,,,,,,,1.0,1.0,0.0,0.039503831416368484,0.038996998220682144,-1.2829976081848145,1.0,100.0,0.0,0.0,0.0,0.0,0.0,0.0,1.0,100.0,1.0,100.0,1.0,100.0,1.0,100.0,1.0,100.0,,,,,,,,,,,,,,,,,,,,,,,,,,,,,,,,,,,,,0.0,0.0,0.0,,,,,,,,,,,,,,,,,,,,0.0,0.0,city
2948,51790.0,VA,Staunton,,,,,,,,,,,,,,1.0,1.0,0.0,0.041492056101560586,0.04012519121170044,-3.294281005859375,1.0,100.0,0.0,0.0,0.0,0.0,1.0,100.0,1.0,100.0,1.0,100.0,1.0,100.0,1.0,100.0,1.0,100.0,,,,,,,,,,,,,,,,,,,,,,,,,,,,,,,,,,,,,0.0,0.0,0.0,,,,,,,,,,,,,,,,,,,,,1.0,city
2949,51800.0,VA,Suffolk,22.0,40.0,81.81818181818183,7.07395498392283,12.987012987012985,0.09557059546332236,0.16012810248198558,49.0,100.0,104.08163265306123,0.6029062542295719,1.1731856683638753,94.58840576517804,2.0,2.0,0.0,0.023319536820054054,0.02193343266844749,-5.943960666656494,0.0,0.0,0.0,0.0,0.0,0.0,0.0,0.0,1.0,50.0,1.0,50.0,1.0,50.0,1.0,50.0,1.0,50.0,19.0,11.0,-42.10526315789473,122.0,73.0,67.12328767123287,1.5011135309389343,1.4312865154039278,-4.651681175062771,19.0,11.0,-42.10526315789473,121.0,,,1.488809321668943,,,6.0,11.0,83.33333333333334,16.0,23.0,43.75,0.19686734831986025,0.26983270372369134,37.06320831084727,6.0,13.0,116.66666666666667,7.0,20.0,185.71428571428572,0.08612946488993885,0.23463713367277506,172.42376807124927,0.0,0.0,0.0,0.0,0.0,,0.0,0.0,,0.0,0.0,,,1.0,5.0,400.0,2.0,3.0,50.0,,,,1.0,0.0,city
2950,51810.0,VA,Virginia Beach,31.0,34.0,9.67741935483871,17.81609195402299,18.181818181818183,5.767700875099442,2.848101265822785,725.0,504.0,-30.482758620689655,1.6676941195955208,1.1307344389403402,-32.19773184697765,4.0,5.0,25.0,0.008933915756642818,0.011106446385383606,24.31778717041016,1.0,20.0,0.0,0.0,0.0,0.0,1.0,20.0,4.0,80.0,4.0,80.0,3.0,60.0,3.0,60.0,3.0,60.0,23.0,15.0,-34.78260869565217,299.0,158.0,89.24050632911393,0.6877800575987044,0.6708126929427812,-2.466975375116656,23.0,15.0,-34.78260869565217,,,,,,,8.0,7.0,-12.5,19.0,13.0,-31.57894736842105,0.04370508727215848,0.029165769258381793,-33.266877888237715,19.0,13.0,-31.57894736842105,67.0,34.0,-49.25373134328358,0.15411793932813778,0.0762797042142293,-50.505629294835316,1.0,0.0,-100.0,0.0,5.0,,0.0,22224.0,,0.0,49.86000430755977,,,5.0,3.0,-40.0,4.0,15.0,275.0,147000.0,141000.0,-4.081632653061225,1.0,1.0,city
2951,51820.0,VA,Waynesboro,,,,,,,,,,,,,,1.0,1.0,0.0,0.047229964286088943,0.04419303685426712,-6.430086135864258,0.0,0.0,0.0,0.0,0.0,0.0,0.0,0.0,0.0,0.0,0.0,0.0,0.0,0.0,0.0,0.0,0.0,0.0,,,,,,,,,,,,,,,,,,,,,,,,,,,,,,,,,,,,,0.0,0.0,0.0,,,,,,,,,,,,,,,,,,,,1.0,1.0,city
2952,51830.0,VA,Williamsburg,,,,,,,,,,,,,,1.0,1.0,0.0,0.06847438961267471,0.06713211536407471,-1.9602572917938232,1.0,100.0,0.0,0.0,0.0,0.0,0.0,0.0,1.0,100.0,1.0,100.0,1.0,100.0,1.0,100.0,1.0,100.0,,,,,,,,,,,,,,,,,,,,,,,,,,,,,,,,,,,,,0.0,0.0,0.0,,,,,,,,,,,,,,,,,,,,1.0,1.0,city
2953,51840.0,VA,Winchester,,,,,,,,,,,,,,2.0,1.0,-50.0,0.07317162305116652,0.035577058792114265,-51.37861251831055,0.0,0.0,0.0,0.0,0.0,0.0,0.0,0.0,1.0,100.0,1.0,100.0,1.0,100.0,1.0,100.0,1.0,100.0,,,,,,,,,,,,,,,,,,,,,,,,,,,,,,,,,,,,,0.0,0.0,0.0,,,,,,,,,,,,,,,,,,,,1.0,1.0,city
