,FIPS,State,County,LACCESS_POP10,LACCESS_POP15,PCH_LACCESS_POP_10_15,PCT_LACCESS_POP10,PCT_LACCESS_POP15,LACCESS_LOWI10,LACCESS_LOWI15,PCH_LACCESS_LOWI_10_15,PCT_LACCESS_LOWI10,PCT_LACCESS_LOWI15,LACCESS_HHNV10,LACCESS_HHNV15,PCH_LACCESS_HHNV_10_15,PCT_LACCESS_HHNV10,PCT_LACCESS_HHNV15,LACCESS_SNAP15,PCT_LACCESS_SNAP15,LACCESS_CHILD10,LACCESS_CHILD15,LACCESS_CHILD_10_15,PCT_LACCESS_CHILD10,PCT_LACCESS_CHILD15,LACCESS_SENIORS10,LACCESS_SENIORS15,PCH_LACCESS_SENIORS_10_15,PCT_LACCESS_SENIORS10,PCT_LACCESS_SENIORS15,LACCESS_WHITE15,PCT_LACCESS_WHITE15,LACCESS_BLACK15,PCT_LACCESS_BLACK15,LACCESS_HISP15,PCT_LACCESS_HISP15,LACCESS_NHASIAN15,PCT_LACCESS_NHASIAN15,LACCESS_NHNA15,PCT_LACCESS_NHNA15,LACCESS_NHPI15,PCT_LACCESS_NHPI15,LACCESS_MULTIR15,PCT_LACCESS_MULTIR15,geo_type
2820,51001.0,VA,Accomack,1527.54998083864,1700.33610481924,11.311323763412226,4.606048669758293,5.127053747494995,559.103057055361,693.880171810535,24.105952034139698,1.685873408079125,2.092269243186995,1063.33147532771,1237.39686323435,16.369814300192175,7.706417417942528,8.967943638457385,66.4463411217457,0.4815650175514256,238.393266268664,264.584722496315,10.986659412658831,0.7188314626361838,0.7978070271870552,388.095453033642,446.707923170103,15.10259130281029,1.170231133257876,1.3469663586120582,1623.70864424242,4.895997600537993,43.4771171202665,0.13109732577574024,20.2293660491123,0.06099796782388224,4.91534520396817,0.0148213279579308,1.6480462300824,0.00496938315668315,0.0,0.0,26.586960513494,0.08016813566968399,county
2821,51003.0,VA,Albemarle,15461.9945476843,15278.6597906324,-1.1857122086448897,15.622910526103162,15.43766776864949,2703.90769948286,3617.90917628044,33.8029836215337,2.732047791737759,3.6555614593113464,740.705390842081,602.33873848843,-18.680389540077062,1.9412044732082736,1.5785799158435674,357.049043680687,0.9357366765749064,3944.42156031992,3860.05413425582,-2.1389049008559136,3.985471921107325,3.900226466864524,1731.98759959296,1691.8753246501,-2.315967790548081,1.7500127307193696,1.7094829995454184,12201.5949722851,12.328579339481767,1215.39719761919,1.2280460721624633,1182.98753262654,1.1952991134955442,873.737753243352,0.8828309116331737,36.4361934757879,0.03681539201352723,2.74337204825133,0.0027719228536438613,948.750333505256,0.9586241623777468,county
2822,51005.0,VA,Alleghany,2220.90979172803,2157.56954942281,-2.8519952742401546,13.6671371798648,13.277351073371136,677.023228413778,768.173579760211,13.46340088803045,4.1662967902386345,4.727222029293606,152.318960590912,215.300358271678,41.348363615687454,2.210404304032971,3.1243703130413287,93.3667976255585,1.3549092675309606,466.887142155482,418.897651180426,-10.278606250217665,2.873151644033736,2.577831699571852,490.035364196491,568.191280635863,15.949035957338289,3.015602241209176,3.4965617269899263,2086.6385796445,12.840852797812307,35.9077271821661,0.22097062881332985,23.3106428650638,0.14345010993885415,1.38778881717008,0.008540238874892801,2.44796552449662,0.015064403227671509,0.0,0.0,31.1874941605647,0.1919230409880905,county
2823,51007.0,VA,Amelia,1854.67393387808,2089.26382491735,12.648578639844688,14.61523982567439,16.463859928426714,416.907714297963,730.491397523072,75.2165701114831,3.285324777761726,5.756433392616802,133.99273401812,126.935139273568,-5.267147354122638,2.779355611244969,2.632962855705621,96.9727276011135,2.011464998985968,374.044763870614,428.147800308591,14.46432129623175,2.947555270848022,3.3738991356074943,261.112061425414,291.411012094864,11.603811215785147,2.05762065741067,2.296383074033601,1438.15115449264,11.33294841995776,577.709291169063,4.552476683759362,42.9173381897321,0.33819809448173443,4.51409973924456,0.035572101964102126,14.0615704060651,0.11080827743156106,0.0,0.0,54.8277204662116,0.43205453480072187,county
2824,51009.0,VA,Amherst,6526.34361681169,5432.82798974514,-16.755409939643414,20.172298138694057,16.792346891308817,2452.28583569513,1989.88650054504,-18.85584985320512,7.579778801641673,6.150547091599049,572.808856283811,547.226374088798,-4.466146414177919,4.560580065953909,4.356897882872596,254.251001477072,2.024291413034013,1316.84941881487,1058.34825972489,-19.630274760087918,4.070254439510617,3.271252309600006,916.917814397334,750.797869068803,-18.117212112158303,2.834104455220023,2.3206437395876827,4219.0015014216,13.040526385255154,977.290932563241,3.0207119357192247,106.669233896706,0.3297043053092634,28.4867147328659,0.08804968544761196,25.2873739319148,0.07816083186076964,4.0093080396764,0.01239238413648317,178.752159393078,0.5525056699319321,county
2825,51011.0,VA,Appomattox,444.658628152431,332.404541739697,-25.24500353881648,2.96973637983324,2.220026325650818,112.511293418456,105.369598946318,-6.347535660777052,0.7514278596036601,0.7037307082503039,367.118627274144,324.51053614551,-11.606082601964134,6.085175323622477,5.378924849088513,22.0456901760256,0.3654183685732737,74.7676671373747,51.5583694045708,-31.04189099568962,0.4993499441486322,0.3443422787989768,104.699251917238,84.1760031918038,-19.602096815034827,0.6992536693864824,0.5621852881306605,282.538447126513,1.8869862227109664,42.1748049919752,0.2816723768915729,4.77703202344128,0.031904307910514115,0.0033203174825758,2.217536554181393e-05,0.0481411810033023,0.00032151994258533567,0.0,0.0,7.63982513561405,0.051024010790182664,county
2826,51013.0,VA,Arlington,5136.18406007061,4485.10883875185,-12.676243952787958,2.473755369037076,2.1601761036627463,174.962517588717,174.334440570572,-0.3589780410118434,0.08426770968550187,0.08396520711206733,53.4872526097461,20.3668576468669,-61.922034404220305,0.054550997052265265,0.020771909889716368,3.34686369306814,0.003413425490125589,1272.79950122436,1085.73776919552,-14.6968734548448,0.6130221508880638,0.5229270611218773,791.158192414281,727.54089845992,-8.041033331175889,0.38104783694523403,0.35040765336874297,3968.82535173366,1.9115169759875448,176.641798787722,0.08507650680678427,226.59122967863,0.10913379747269382,153.279271975103,0.07382434460600162,11.5130787521048,0.005545077832894951,6.10086181852967,0.002938375942690339,168.748502180913,0.08127483524826395,county
2827,51015.0,VA,Augusta,9495.55352688912,9683.20595459491,1.9762136791120617,12.87532681612084,13.129770785891404,2167.064545598,3037.37716883302,40.1608999142597,2.9383926042006783,4.118477517061722,735.476025704076,865.928593022377,17.737161071078802,2.5791696791418013,3.036641159427609,322.654319027631,1.1314851978805969,2208.41497779185,2373.84816267586,7.491037080785562,2.9944609868364065,3.2187771697299783,1362.3480022186,1269.90747116949,-6.785383095844046,1.847251528432,1.721908435484054,8977.01587845287,12.172224919936097,408.753290959043,0.5542417504529397,240.152112245779,0.32562998270614096,44.9117293813674,0.0608972601781253,22.0358124338932,0.029879067706973832,0.732638843357563,0.0009934086011627974,229.756620491051,0.3115344006658319,county
2828,51017.0,VA,Bath,979.461274005349,1052.37008403248,7.443766482873,20.703049545663685,22.24413620867639,198.948553459857,435.984801368038,119.1444942855587,4.205211444934624,9.215489354640416,62.1306911353327,104.618149099244,68.38400987905538,2.8737599970089134,4.838952317263829,24.0258276410936,1.111277874241147,164.026246920765,174.065994550046,6.120817745790916,3.4670523551207992,3.6792643109288954,216.945498640428,233.589691580486,7.672061897741688,4.585616120068231,4.937427427192687,1027.16654481501,21.711404456034874,6.59589295652859,0.1394185786626208,16.6644702039777,0.3522399113079201,1.64529568817059,0.03477691160791778,0.121222788773593,0.002562307942794187,0.0,0.0,16.8411272992137,0.35597394418122386,county
2829,51019.0,VA,Bedford,7638.06961625028,6731.24481371662,-11.872434372741981,11.121890640471603,9.801451473173485,1220.92722402769,1154.61759312464,-5.431087914011992,1.7778077116135038,1.68125341185369,1095.80522703935,796.264340641587,-27.335230660202598,3.9898242382645184,2.8991965797982413,120.256403126673,0.43785327917958494,1868.68885664087,1687.4745469761,-9.697404092756152,2.7210216911888723,2.45715322234274,1011.29721471463,873.272504385474,-13.648283444358547,1.4725627798861756,1.2715832377911849,6024.71249114551,8.77266074195572,487.694741019906,0.7101385360532151,129.724761818506,0.18889388114990105,100.95043847485,0.14699522172935234,15.6928011419056,0.022850488004405613,1.86142288023029,0.0027104416102135967,100.332923490799,0.14609605028073708,county
2830,51021.0,VA,Bland,2752.26686149124,1307.3546363796,-52.49898711961216,40.3321638553816,19.158186347883934,942.97664086247,580.36553879721,-38.45387959277622,13.818532251794696,8.504770498200614,115.62064727521,132.045189773483,14.205544498620492,4.505870899267731,5.145954394913601,46.3156241272854,1.8049736604553936,400.872645499798,130.488045955529,-67.44900221544432,5.8744526011107565,1.912192936042336,398.448576349274,131.99342288459,-66.87315987072657,5.8389298996083525,1.934252973103605,1136.60242245518,16.65595578041002,159.775594211598,2.3413774063833235,15.306224210326,0.22429988584885696,0.0,0.0,0.963514752726041,0.014119501065739169,0.0,0.0,10.0131122016537,0.14673376614381153,county
2831,51023.0,VA,Botetourt,7296.13115657341,11599.7872770186,58.985454456473605,22.010773369655514,34.99392807113129,973.975298016447,2793.36753687624,186.80065526970583,2.9382626342960267,8.426956488705924,240.738300399008,274.730567353451,14.120007866676406,1.834056836804876,2.093025806441041,262.289485885466,1.99824383578749,1727.19274754682,2607.22636481218,50.95167395273607,5.210548894493847,7.865410778364245,1142.3837841316,1876.35013963131,64.24866719004117,3.446312851851092,5.660522926364517,11035.7908110886,33.292478614361656,316.31267429968,0.9542436174118498,125.740043264112,0.379329200145143,54.9419200113102,0.1657473151059195,32.7117627365744,0.09868397108897793,0.534377962350845,0.0016120971471909164,159.495752300597,0.4811625205158592,county
2832,51025.0,VA,Brunswick,3583.36320822276,3505.53269842583,-2.17199611857185,20.553878675133415,20.10744922809355,787.727493983224,688.762055172779,-12.563410515229856,4.5183405643181365,3.950682890746696,518.819013957963,545.088784053632,5.0633784400580115,8.149843134746511,8.562500534929812,158.299946601711,2.4866469777208766,456.494501753567,441.812110206795,-3.2163348058676338,2.6184151758263567,2.534198177164133,312.185598820739,302.77774102024,-3.0135463762699475,1.7906710956793563,1.7367083917645978,1124.07749791207,6.447616713961628,2331.75480181273,13.374755086685386,41.5760741873469,0.2384769656266313,8.1317863329939,0.0466432622059992,2.82443228596821,0.016200712894162042,2.99999995529652,0.017207754705153837,35.7441680337549,0.20502562827667145,county
2833,51027.0,VA,Buchanan,1356.81055872472,,,5.6303865828065405,,688.581020815376,,,2.85741978925793,,1144.97204301928,739.707260278047,-35.39516839839633,11.486477157095505,7.4208192242982225,,,268.283785231058,,,1.1133031174000247,,227.433423730509,,,0.9437854748547972,,,,,,,,,,,,,,,,county
2834,51029.0,VA,Buckingham,2075.18319072668,1443.63914127588,-30.433171021862808,12.103016392900267,8.41968471524484,749.858544013301,764.167668285871,1.9082431462321476,4.373373055017503,4.456827646599038,695.623373304713,433.44704321418,-37.689407824956525,11.661749762023687,7.2665053346886825,111.372148120348,1.8670938494609888,461.815919252306,298.474055925669,-35.369474398174155,2.6934323996985072,1.740779516655016,363.306868407945,245.568608755838,-32.40738612183425,2.1189016004196017,1.4322209772298962,1088.47220533739,6.3482573506204965,287.944887025712,1.6793706230357637,26.0180101313545,0.1517439060501254,15.0026170276014,0.08749922446985535,4.8379852967455,0.028216407889568994,0.0,0.0,47.3814459161295,0.2763411053081156,county
2835,51031.0,VA,Campbell,11557.2009039329,8057.07371677027,-30.28525000349818,21.073631348114407,14.69142940952239,3412.43501863235,2170.63924122794,-36.39031280080175,6.222302284074888,3.9579870194886033,927.7145893032,797.881005678068,-13.994992115263493,4.134016261767302,3.5554610118892565,273.072661789868,1.2168471181759637,2524.14146931755,1763.92989363264,-30.117629496038028,4.60257005455226,3.2163850582266145,1938.81124367332,1385.20533564455,-28.553883717937108,3.535267210665767,2.525811122213905,6918.05887936556,12.614526967225045,762.591155109969,1.390523969056506,142.598412010557,0.26001679736435035,153.831241808903,0.2804989639489862,21.7423515100709,0.03964543873321706,8.00000005739275,0.014587360157165585,192.85008627972,0.35164670559009514,county
2836,51033.0,VA,Caroline,1431.60677566949,1368.97441540963,-4.374969532438124,5.015262832963707,4.795846612049852,296.818000258133,355.576554527756,19.796155967132247,1.0398248388794291,1.2456701857689825,301.898800994685,505.618944558844,67.47961333166921,2.8873259467739576,4.835682331281982,78.3979036841938,0.7497886733377372,276.421452924889,270.618337231059,-2.0993724012466144,0.9683708282532458,0.9480411183431741,233.035789852821,192.535613254127,-17.37938049098502,0.8163804163700158,0.6744985575551831,878.879646114585,3.0789267686620563,451.848648114026,1.5829344827956768,19.4727977638381,0.06821789372512907,8.55552488756166,0.029972061263134214,3.58276006493179,0.012551270152152006,0.0353971049189568,0.00012400457144493536,26.072435592509,0.09133801223509896,county
2837,51035.0,VA,Carroll,1997.1346649843,1441.16855092227,-27.838188571345064,6.647808617882631,4.797179118974336,618.71873584442,527.555204622471,-14.734244486314143,2.0595124686918984,1.7560588663287098,864.447323442794,701.568317756872,-18.84198160707252,6.737178111158864,5.467760250618597,71.615918069771,0.5581475962105136,359.928350691099,242.873755864128,-32.52163787659803,1.1980838515781207,0.8084473599098859,503.596853660606,385.558671599265,-23.439022941333075,1.6763093457845883,1.2833988136584282,1417.37800271988,4.7179881589770325,3.51469665427067,0.011699276527097631,15.2150605529314,0.05064596415994741,4.92616483094753,0.01639759280656258,3.12600775688497,0.010405458214782537,0.0,0.0,12.223675069381,0.040688619497307114,county
2838,51036.0,VA,Charles City,140.515970748019,166.770860964883,18.684630705747853,1.936548659702577,2.298385625205113,37.0400792623269,39.7391187375634,7.286808044122275,0.5104751827773828,0.5476725294592529,142.825481534759,148.020857016313,3.637569028807789,4.8333496289258555,5.009166058081658,11.2159772171473,0.3795592966885719,20.6374887100633,25.3152931736063,22.66653917664893,0.2844196349236949,0.3488877228997561,20.0878968913686,23.5529581005331,17.249497186802927,0.276845326507285,0.3245997533149545,56.7321191990953,0.7818649283227026,106.058034289666,1.461659788997602,1.45208176287204,0.02001215218952646,1.20309748745058,0.016580726122527287,0.0,0.0,0.0,0.0,2.77760889041681,0.03828016662647202,county
2839,51037.0,VA,Charlotte,4220.94616474467,4240.73720680445,0.468876912600405,33.53683588705442,33.694082367745516,1804.85029218981,1891.70486808214,4.812286995114145,14.340142159461385,15.030230955682027,409.040210150514,439.346103409572,7.409025447133027,8.006267569984615,8.599453971610334,306.270462153794,5.994724254331455,1027.19924302996,1031.44599506411,0.41343021453397955,8.161443214921023,8.19518508711354,809.272589321324,815.166991951106,0.7283581215477963,6.4299427087344965,6.476775718664436,2788.32529465402,22.154181587907356,1330.67470405849,10.572657747167408,45.1743346972225,0.35892527170842603,11.0000001351001,0.08739869803829732,16.0000002345549,0.12712537926708167,0.0,0.0,94.7372127053586,0.7527189949575608,county
2840,51041.0,VA,Chesterfield,116513.631735169,115426.336197048,-0.9331916977683532,36.84388612781878,36.50006204133875,19332.7105695064,22840.3228405892,18.143406525804924,6.113380693376592,7.2225562050459775,1075.98748037061,1661.37374906498,54.40456133306879,0.9301413212055758,1.4361806267850796,3125.71471750172,2.7020355441750685,31190.5210331738,30766.6474427645,-1.3589820765048297,9.863051971683744,9.729014863192203,11290.3228097897,11616.6397123632,2.8902353641346137,3.5702205978413906,3.673408376137821,83246.8876300006,26.324291867466236,21702.5697133705,6.8627764433431055,7784.3464732011,2.4615624006125487,3528.73742902553,1.115855699232703,414.422496297302,0.1310484879322095,84.9801574104586,0.0268723856267024,6448.73872638815,2.039217143648462,county
2841,51043.0,VA,Clarke,312.112615112535,177.768921882671,-43.04333971935905,2.2239747407192176,1.2667017377987102,64.3893292527755,40.2447103959857,-37.497857388767635,0.4588095286644969,0.2867657859198069,64.9786903218134,58.6726216947067,-9.704825683428329,1.179500641165609,1.0650321600055672,4.04109229283767,0.07335437089921347,66.6598628674692,40.7791940545721,-38.824965578390305,0.4749883345266439,0.290574277145305,39.319427320559,26.8760347531934,-31.64693235717425,0.2801726330380433,0.1915065893771797,172.872252517205,1.2318102644805828,0.751867539074738,0.005357471419942554,3.30341914948076,0.02353868568819125,0.2038983553648,0.0014528883808237138,0.141789334651548,0.0010103273097587858,0.0294313449412584,0.00020971458558684904,3.76968475803733,0.026861085635152705,county
2842,51045.0,VA,Craig,643.85217699261,583.246440924216,-9.412989228595805,12.405629614501155,11.23788903514867,215.99614772527,222.269607481409,2.9044313161169657,4.161775486036031,4.282651396558942,26.2599322315094,85.7593006267837,226.57852987099778,1.2029286409303437,3.9285066709474896,30.3840244275194,1.3918472023600277,132.624402419883,120.586193303168,-9.076918649256244,2.5553834762983243,2.323433396978189,127.895298672329,116.675327675805,-8.772778290521735,2.4642639435901543,2.2480795313257222,576.677362084601,11.111317188527956,0.0,0.0,0.979751225793734,0.018877672944002583,1.991429328468,0.03837050729225434,0.0768973745289259,0.0014816449812895165,0.0,0.0,4.50075182899631,0.08671968841996744,county
2843,51047.0,VA,Culpeper,2194.46869460213,2632.83890217099,19.97614313875363,4.700183543451627,5.6390989358756665,384.238892456297,661.040454088591,72.03892345795714,0.8229752028449892,1.4158376793004583,342.99520937607,330.006238536051,-3.786924856369505,2.1132105808395663,2.0331848840863227,92.7249676442048,0.5712831473366077,617.567863671101,796.590263773126,28.988295964403875,1.3227266886656408,1.7061626159761958,236.644328508447,248.34448002786,4.944192659574076,0.5068524245720555,0.5319121849426203,1971.49662261822,4.22261479710043,352.752399765595,0.7555364213531989,251.48857526789,0.5386463091261111,74.9668801648659,0.16056647211305852,6.42223998013651,0.01375535989234404,2.40556006506085,0.00515230582163004,224.795200064495,0.4814735806388978,county
2844,51049.0,VA,Cumberland,5913.18785897882,5546.87186249503,-6.194898677666086,58.82598347571447,55.181773403253366,2227.46818026709,2404.36601136137,7.941654684964744,22.159452648896643,23.919279858350283,377.567418085119,282.918876600875,-25.067984405080836,9.486618544852236,7.108514487459173,498.352575055513,12.52142148380686,1386.79589803855,1294.91418494354,-6.625467613869146,13.796218643439614,12.882154645279947,879.390216739375,826.04182830572,-6.066520575070931,8.748410433141414,8.217686314223236,3513.19708933446,34.95022969891027,1830.86954733773,18.21398276300965,116.77611231847,1.1617201782577598,15.2871007683696,0.15208019069209708,23.8520364760616,0.2372864750901472,0.0,0.0,163.666092375134,1.628194313322065,county
2845,51051.0,VA,Dickenson,30.1079203199188,,,0.1893222682507628,,17.6157715834852,,,0.11077011622640508,,443.722294819193,563.303563276876,26.94957405879499,6.7332669927039905,8.54785376747915,,,3.93113152554724,,,0.02471943360087556,,4.93107909930404,,,0.031007225676312894,,,,,,,,,,,,,,,,county
2846,51053.0,VA,Dinwiddie,5848.11948618424,7678.21558777613,31.293753588916235,20.88539511511817,27.4212191985148,1574.9717417962,2131.19417664317,35.31634378484899,5.624698195765151,7.6111359474417695,475.296052945146,275.32239640838,-42.07349404600358,4.524905302219593,2.621119539302932,506.125688598642,4.818409068913195,1411.83004436355,1867.37597160466,32.26634318059643,5.042070084509661,6.668961721383735,768.750913823662,1004.27448227849,30.63717573789486,2.7454409264799904,3.586566487905753,4695.95066647015,16.77065342834238,2691.49322675655,9.612132519397699,277.445667081434,0.9908419952195778,19.6348590877133,0.07012199238496232,35.5553731861874,0.12697894070278706,3.66043861414073,0.013072528174496377,231.921020109751,0.8282597768285096,county
2847,51057.0,VA,Essex,2975.00923961713,2619.13901892601,-11.961987073926489,26.679304453565866,23.487929503416826,1004.86212223713,1120.9941020235,11.557006400820919,9.011408144894,10.052857161003498,189.367007207305,195.557558480797,3.2690759413624053,4.192318069676887,4.329368131078083,157.341418415311,3.48331676810518,697.741917051041,617.595492921642,-11.486542827773986,6.257213855717343,5.538476306354964,504.960042934144,475.317389069975,-5.870296923282492,4.528383489679347,4.262553933010269,1231.15234603042,11.040734876068692,1275.44816460206,11.43797116493642,74.1994902277261,0.6654066023471088,25.822200470725,0.2315684734169581,21.9832547794895,0.19714155483355306,0.0,0.0,64.7330589628891,0.580513487246786,county
2848,51059.0,VA,Fairfax,205514.694563871,205554.370081997,0.0193054410100552,18.998775527617067,19.002443325019183,13853.2572750723,19230.2146760247,38.813668830274004,1.280662318837885,1.7777343501057294,1424.57140019014,1837.72805254242,29.0021723233483,0.363757197586004,0.4692546868684795,1473.74200092115,0.3763126650923328,55111.5746181205,55023.124226834,-0.16049331179411028,5.0947813603556265,5.086604577021723,23197.0457513652,23839.4270073674,2.769237354133321,2.1444474618679035,2.2038323020217137,149697.174376428,13.838733133568766,13222.9548180381,1.2223941014672939,18051.5357747632,1.6687715534953584,28860.7353850452,2.668026411960626,524.714145702314,0.04850712155410095,162.324719680243,0.0150060846906003,13086.4663233886,1.2097764427765072,county
2849,51061.0,VA,Fauquier,8123.49454297926,8209.0226938811,1.052849244242409,12.458774202075455,12.589946312103875,720.237141446815,740.728438854713,2.8450764656117222,1.1046073669107481,1.1360342911441392,365.828330703587,506.997717133445,38.58897044915876,1.5463197679583525,2.143028646265301,134.191233870869,0.5672129253143504,2243.25247872415,2266.94024597144,1.0559563612189813,3.4404129851757586,3.4767422449449263,832.904570548926,838.954765254261,0.7263971070956687,1.277402221598586,1.2866812343822542,7458.49932637467,11.438889815460437,330.03004026952,0.5061577538909559,378.585314497302,0.5806256069464626,127.292110859302,0.19522431615002686,25.4937444552786,0.039099036018708636,3.48946807696484,0.005351698659516954,264.218015516917,0.405223709824574,county
2850,51063.0,VA,Floyd,4253.49309718414,4208.11245107874,-1.066903015205139,27.838818621533736,27.541805426263107,1650.65300333481,1574.83415700459,-4.59326376755401,10.80340993085156,10.307180816837423,354.635157036939,219.339818083032,-38.150571444842555,5.5282175687753545,3.4191709755733752,206.908243940015,3.225381822915277,923.899978666842,900.436821222806,-2.5395776583838234,6.046861565984958,5.893296820621807,699.311857488364,697.129530078558,-0.3120678401827804,4.576947820461837,4.562664638252229,4090.33628687601,26.770968563885134,44.5341856448515,0.2914731700036095,85.0890386135111,0.5569018824105699,4.93141962190566,0.03227580091567288,3.50183618837036,0.022919276054521636,0.0,0.0,64.808706003883,0.4241685058176779,county
2851,51065.0,VA,Fluvanna,6888.96468389529,6380.81727318169,-7.376252224104501,26.81470041608069,24.836780480252575,621.888270414959,674.987644904417,8.538410678501315,2.4206464147559807,2.6273311467222653,310.536486938616,341.050386698479,9.826188239804063,3.286448163177225,3.6093807460946015,31.0788942878814,0.3289119937335316,1741.82961981115,1622.24382595776,-6.8655276321662,6.779921450356738,6.3144440697433355,1397.19178985614,1272.38903503907,-8.932399669333888,5.4384484444207715,4.952664493554435,5755.27328349655,22.401904493778165,366.911698883431,1.4281721181870342,217.622058767069,0.8470750798609202,55.5934268353012,0.21639261545016236,14.3120203705094,0.055708303960567515,4.90817468776368,0.019104646326587833,183.818640251012,0.7154981910046787,county
2852,51067.0,VA,Franklin,8931.94626706472,8349.9883573759,-6.515465860276253,15.904745930420273,14.868477639160064,3988.11441244812,3643.12981976332,-8.650318346133655,7.101469777681442,6.487170034657526,981.103363417863,1024.63305599039,4.436810044242728,4.306862877163576,4.497950201889332,437.886570993892,1.9222413125280595,1894.22790966221,1735.99461900601,-8.3534452136975,3.3729730046158415,3.0912135526024502,1536.73238778131,1468.59018831697,-4.434226805274917,2.736395569332271,2.6150575834985843,6812.3509050363,12.13047045894033,1188.76278088431,2.1167805354160683,280.835001175464,0.5000712284326003,40.0117665201192,0.07124729165426592,15.6082504266506,0.027792963597376374,0.755090845748782,0.0013445589233226768,292.499554668022,0.5208418146121226,county
2853,51069.0,VA,Frederick,14690.761181736,16247.5415509132,10.597002768737655,18.7609490859281,20.749047380005365,2404.09602155302,2841.3893595882,18.18951215404006,3.0701692376642873,3.628618044298832,501.72603668719,547.909417136074,9.20490009923042,1.7382415350858853,1.8982449318738708,272.521360698519,0.9441565988723636,4080.06574153979,4557.49283210668,11.701455829648278,5.210479205082421,5.82018112777815,1702.74534186329,1758.94238273411,3.3003784822764177,2.174503980414137,2.2462708418799693,14789.2765937146,18.886758947340017,549.275791409069,0.7014568564064478,773.563626381137,0.9878853539124413,206.639478800503,0.2638905290856305,38.8082963211637,0.04956043205563336,5.50890999385592,0.007035195701239921,658.032482009347,0.8403454211216996,county
2854,51071.0,VA,Giles,1852.62731833794,152.911844293853,-91.74621669559339,10.71750155234259,0.8845993537767731,691.699412095347,55.6197016788951,-91.9589780320316,4.001500706325044,0.3217615508440073,301.369948092412,310.665928686768,3.084574508240433,4.176991657552488,4.3058340774326815,5.81590720938678,0.08060855453065531,440.025526680194,28.3772114288549,-93.55100790562109,2.545560145089633,0.1641629725144909,332.230432993566,22.8343593757097,-93.12695132412752,1.9219624724838944,0.1320974162658203,151.929010035402,0.8789136297315863,0.733998195602908,0.0042462003679446265,0.0462462226860225,0.00026753570916361504,0.0,0.0,0.0,0.0,0.0,0.0,0.248836047016084,0.0014395235856536155,county
2855,51073.0,VA,Gloucester,3765.01510480939,3765.01510480939,0.0,10.21491970483854,10.21491970483854,807.838691468658,1058.03310750504,30.970838445671177,2.1917594320599547,2.870565704881003,295.286480803025,355.455096143069,20.376352881587,2.065951730238753,2.4869173451554536,192.50560880847,1.3468523669521444,763.085107281746,763.085107281746,0.0,2.070337802598475,2.070337802598475,678.271669082329,678.271669082329,0.0,1.8402291743511012,1.8402291743511012,3410.72004318478,9.253676388259754,227.3013325473,0.6166947000577894,64.0862945608824,0.17387349981247568,36.3512540905431,0.0986251399710866,11.628647744401,0.031549860937655334,2.83327149692923,0.007686991960847659,76.1805588875941,0.20668663217644506,county
2856,51075.0,VA,Goochland,3312.59741995424,3311.28571513049,-0.03959747163505686,15.253476170531107,15.24743617963112,966.495751094607,746.025872281474,-22.811262084022548,4.45041097340612,3.4352160624463512,181.500158824438,101.563865292909,-44.04199646395352,2.2693193151342586,1.2698657826070143,88.4597729784347,1.1060236681474709,553.909114912532,553.984503452464,0.01361027249820016,2.550578417426588,2.5509255580994794,419.628255470804,419.33497184134,-0.06989129679433397,1.9322570128047336,1.9309065333210849,2251.21927559166,10.366161420047243,977.600351518524,4.501544188969581,60.4775510489235,0.2784802276968435,26.4330462834823,0.12171591971028367,13.6711522978694,0.06295138508021089,0.101726978435181,0.0004684209533323249,42.2601687610049,0.19459487388223465,county
2857,51077.0,VA,Grayson,2736.14994933797,2826.69405076726,3.309179069341481,17.61507725061463,18.1979917000403,981.976618745761,1453.28591031001,47.995978984329916,6.3218735514437725,9.356118652610636,411.610883309118,474.358396565955,15.244376619097777,6.012428911906485,6.928986219193032,177.815355071242,2.597361306912679,488.237384984572,501.12831658289,2.640299984140992,3.143226582016172,3.22621719296266,622.30693101265,644.621792566182,3.585828863776282,4.0063537694756315,4.150014759326479,2746.31030738192,17.68048868461933,22.9119918618572,0.14750525888017255,57.77703195531,0.3719631233844717,4.05109859086951,0.02608059351618818,7.2069900642673,0.04639792740788837,0.0,0.0,46.2136610266388,0.29751922375998713,county
2858,51079.0,VA,Greene,0.0,0.0,0.0,0.0,0.0,0.0,0.0,0.0,0.0,0.0,175.879071187703,270.489045444555,53.79262786524591,2.594086595688835,3.989513944609956,0.0,0.0,0.0,0.0,0.0,0.0,0.0,0.0,0.0,0.0,0.0,0.0,0.0,0.0,0.0,0.0,0.0,0.0,0.0,0.0,0.0,0.0,0.0,0.0,0.0,0.0,county
2859,51081.0,VA,Greensville,864.442094415222,1008.3032894331,16.64208579698994,7.060704846975592,8.2357534054815,356.55078929621,488.691397572007,37.06080935527511,2.912282849760761,3.99159844459697,263.572381711067,339.220546926323,28.701097104393476,7.3912614052458485,9.512634518405019,72.9240368626187,2.044981403887232,145.94562561233,174.155561157786,19.329072335740314,1.1920740473113616,1.4224909022117618,115.606721873247,147.747118465512,27.801494646223272,0.9442679234929918,1.2067885196888997,415.83384583461,3.396502865593481,570.623552589643,4.6608147724384805,14.2646305704839,0.11651254243636283,7.51496546855196,0.0613817321616594,1.49697306752205,0.012227175263595931,0.0,0.0,12.8339383280836,0.10482674449141224,county
2860,51083.0,VA,Halifax,9533.74006917572,8496.03692841011,-10.88453359579928,26.306503874550142,23.443163622444498,4107.82815824308,4057.47382190675,-1.2258140895033613,11.334753892671506,11.195810882444606,1176.374985923,872.070304284424,-25.868000023803155,7.7983094857341735,5.7810427861082125,597.577799043349,3.961404037410335,2200.27068886567,1927.87476627971,-12.380109591260844,6.071219582422311,5.31959594459234,1717.89659461158,1561.4369743294,-9.10762736086311,4.740201966313236,4.3084820350691215,4812.91661404413,13.280308529135873,3469.59151577878,9.57366384972484,115.539187037278,0.3188079441441406,19.1315948577962,0.052789919863679806,33.769186175288,0.09317950987910928,1.00000000279761,0.00275930576639058,159.628015195653,0.44046250157460615,county
2861,51085.0,VA,Hanover,19821.296675412,21762.9254590036,9.795669856453742,19.848489105486518,21.792781569754162,2383.311269359,3547.3173647641,48.83986873095949,2.3865808851716848,3.5521838566477077,382.366963508049,491.93163866803,28.654325717570682,1.0450325603543391,1.3444795940529397,315.810897788688,0.8631307163045943,5225.31836897371,5969.47071252426,14.241282367962347,5.232486875993821,5.9776601068706725,2449.45649725864,2662.84447898427,8.711646112696748,2.4528168563518418,2.666497580669788,19248.7273068917,19.275134240801602,1665.92652229269,1.6682119726952822,415.924660049522,0.41649525855374064,346.432617431213,0.34690788122849603,71.6280649725934,0.07172633004475472,15.1909373982344,0.015211777533455234,415.019998234985,0.4155893556522285,county
2862,51087.0,VA,Henrico,69020.192650002,64088.7829258322,-7.144879686408206,22.486908514832788,20.8802459562553,11369.3354015434,12083.7107172045,6.283351580639647,3.7041508467732256,3.936895667553228,1041.45293147926,1331.58157254119,27.85806562086649,0.8358303155506458,1.06867647333584,2145.84590459333,1.7221739027723133,18290.9389669941,17255.8474410183,-5.659039854889994,5.959222300159349,5.621987535151839,8995.86219504766,7801.03768671942,-13.281934320714775,2.9308688142595862,2.541592743323316,37830.0590503288,12.325104354449243,20967.1091853536,6.831123588171308,1889.41941566489,0.6155763974994347,3148.35277293393,1.025739251937358,164.527906204092,0.05360350113349471,20.0546630373137,0.006533846917853519,1958.67927062622,0.6381413884458338,county
2863,51089.0,VA,Henry,10401.9444614537,9194.4864804223,-11.60800257592084,19.209145650964338,16.979347528988015,3599.72077447388,3967.00893053341,10.203240169738205,6.647561032065668,7.325827649597255,1234.51092396555,1204.51747067962,-2.429581845220445,5.332430236126086,5.20287447920012,706.497922468635,3.051695056233575,2120.17997777898,1832.08136601061,-13.588403568935279,3.915310848883641,3.3832826097590263,2205.52130617668,2016.3719863503,-8.576172866553463,4.072909652964266,3.7236098804275084,6494.14180653302,11.992653518001552,2344.59591951305,4.32973706766828,290.345969923688,0.5361784083833873,66.5757211099462,0.1229445829438906,14.4846302221904,0.026748592310742926,0.0,0.0,274.688387637134,0.5072637396117042,county
2864,51091.0,VA,Highland,2321.00001154791,2321.00001154791,0.0,100.0000004975403,100.0000004975403,706.699548619,738.362185323284,4.480353322166081,30.44806327526928,31.812244089758035,21.3179130140841,81.1879847106263,280.843962807184,1.9720548579171235,7.510451869623153,83.0759138030877,7.685098409166299,346.00000207276,346.000002072761,2.7928847249848455e-13,14.907367603307195,14.907367603307236,579.000003451454,579.000003451454,0.0,24.946144052195354,24.946144052195354,2289.00000981707,98.62128435230804,5.99999980353999,0.2585092547841443,18.0000004722165,0.7755278100911891,3.99999997213308,0.172339507631757,5.00000008593003,0.21542438974278455,0.0,0.0,17.000000277469,0.732442924492417,county
2865,51093.0,VA,Isle of Wight,5799.20036772639,5800.64052629471,0.024833743912948337,16.44230328246779,16.44638652195835,904.4013816808,785.211036346533,-13.178921190141892,2.5642228003425007,2.226285898345713,403.869201941479,389.138302786298,-3.6474430544261915,2.9440822418827746,2.836698518634626,94.470472525727,0.6886606832317175,1328.14999788226,1328.43124255603,0.021175670987334215,3.7656648649908138,3.7664622697931103,958.235738465504,958.438188165834,0.021127337689806826,2.7168577784675483,2.7174317781849564,4578.01517532556,12.97991260370162,1013.53914678677,2.873657915471421,132.667524643284,0.3761483545315679,45.6477626677042,0.1294237671327026,17.1642057555437,0.04866517084078169,4.09157550625969,0.011600724429429232,142.182645756046,0.4031262992799717,county
2866,51095.0,VA,James City,21538.8969539466,23479.6654003526,9.01052848971631,32.14328963862556,35.039569909045944,3862.15127844403,4741.58198765715,22.770488409439576,5.763630674154262,7.076037528775465,580.327383771595,518.002666506652,-10.739578901117785,2.1605636030215747,1.92852817016624,501.375006533128,1.8666232558939984,4708.58873729234,5087.04830961379,8.037643409457793,7.0268004854457455,7.591589651559924,4719.42176703416,5071.41317863445,7.4583588620750065,7.0429670149295776,7.568256769440597,18574.702775877,27.719713435325108,3402.98096887839,5.078393900637808,1049.60894425213,1.566370105884478,492.297534239573,0.7346737516446642,78.4727478460936,0.11710777335297287,14.8099943142315,0.02210150026747377,916.401416859993,1.3675796040233297,county
2867,51097.0,VA,King and Queen,731.79784622817,537.466790725773,-26.55529208018546,10.537046022003887,7.738902674237193,342.871707340756,243.478737713566,-28.988384722105504,4.936957629096558,3.505813358006709,103.17889666295,147.368059511757,42.82771407525108,3.580114388027411,5.113395541698716,20.2335688854974,0.7020669287126093,158.913431226927,115.839112793515,-27.105524121433287,2.2881703560392657,1.6679497882435563,113.505900999698,85.2789102991912,-24.868302398288446,1.6343542260575663,1.2279180748623644,281.773521999208,4.057214139657424,220.00492459132,3.1678174887159107,3.28582012025436,0.047312024769681216,2.47846357207436,0.03568702047623268,17.5540193543152,0.2527576580894917,0.0,0.0,15.6558625077596,0.2254263860008582,county
2868,51099.0,VA,King George,0.0,,,0.0,,0.0,,,0.0,,268.735253824018,175.29731375278,-34.7695133934404,3.208396058070893,2.09285236094532,,,0.0,,,0.0,,0.0,,,0.0,,,,,,,,,,,,,,,,county
2869,51101.0,VA,King William,1626.324093992,1741.65357136751,7.091420326462767,10.20598741130844,10.929736877110198,343.276822433617,523.572492654543,52.52194684824423,2.1542317065178347,3.285676138403157,243.725708573181,135.141089820838,-44.55197582069575,4.076362411325992,2.260262415468105,48.364230707567,0.8089016676294867,368.8166570217,406.975906159045,10.346400687401662,2.3145067902208973,2.553974936674271,255.442637615998,259.63330160862,1.6405499221793,1.6030287895575648,1.6293272771171634,1344.1544442369,8.435233412217759,324.844592896975,2.0385603570566357,70.9893282029625,0.44549311705655786,5.60721767693758,0.03518806198266445,14.7211752287985,0.09238264969437404,0.0,0.0,52.326135271522,0.328372358152005,county
2870,51103.0,VA,Lancaster,351.834102120018,367.621198136127,4.487085225957926,3.0887025030288644,3.2272952167160653,28.1034924151718,164.414611110653,485.03266669409743,0.24671663958539025,1.4433729357444736,332.180100753373,386.448501668843,16.337041500195575,6.309213689522754,7.3399525483161066,12.8655266242513,0.2443594800427597,69.9843901419954,73.6398050958232,5.223186122521203,0.6143831985075534,0.6464735764711018,98.3656152006006,101.427929010591,3.1131954024232056,0.8635380142270267,0.890421639984119,181.852714196866,1.5964596101910806,176.794061393361,1.5520504028914144,12.999999963853,0.11412518623345624,0.0,0.0,1.00000001862645,0.008778860667425599,0.0,0.0,7.97442382783629,0.07000635438360363,county
2871,51105.0,VA,Lee,18.6014454190154,18.6014454190154,0.0,0.07269881353427678,0.07269881353427678,6.30640294065233,8.33505614358,32.16815071949428,0.024646902492094933,0.03257535523343882,763.152447085695,599.515676388304,-21.442212669602583,7.512082361312088,5.901325685483847,2.06139929738129,0.020291360344337928,4.41385764279403,4.41385764279403,0.0,0.017250391381537618,0.017250391381537618,2.38748512556776,2.38748512556776,0.0,0.009330852095078595,0.009330852095078595,18.4230259181932,0.07200150825885489,0.0,0.0,0.0,0.0,0.0514344812836498,0.000201018021978543,0.0,0.0,0.0,0.0,0.126984907779843,0.0004962868166640991,county
2872,51107.0,VA,Loudoun,39430.0579449523,40493.136417668,2.696111870289027,12.62525429618307,12.965645275916634,1614.88386787584,2372.43889283769,46.91080516881445,0.5170755650219941,0.7596398759050083,443.55753846422,555.469550192573,25.230551174000738,0.4241201136553933,0.5311279559704474,193.471702559905,0.18499345262605302,12234.3675761871,12728.5720333863,4.039476941669759,3.917366847849451,4.075607978388946,3284.05635031273,3505.9296371413,6.756074292313585,1.0515339998631907,1.1225764181028848,31947.6076702709,10.229421208433546,2272.11556788593,0.7275169839954181,2811.93260687589,0.9003629737267947,4021.26103363211,1.2875822605134335,74.5317282962974,0.023864586356643663,24.3475316525437,0.007795925104317075,2153.27296026545,0.6894643353149424,county
2873,51109.0,VA,Louisa,778.85070772337,778.85070772337,0.0,2.349261628580732,2.349261628580732,268.756647502688,232.474751189255,-13.499906569964985,0.8106555892458842,0.7012178420934908,496.656179900144,565.099553029347,13.780835897977548,3.836960598734116,4.3657258423157215,26.7092516196049,0.2063446509549204,184.605308832305,184.605308832305,0.0,0.5568283679676198,0.5568283679676198,97.9378704929099,97.9378704929099,-1.0157049822072196e-13,0.29541178925861883,0.2954117892586185,623.409712805427,1.8804021138522216,115.938400680643,0.3497071175478629,10.601466575654,0.031977397447151085,3.71225998487988,0.011197357659577956,7.29062857641519,0.02199085626162094,1.73793212798773,0.005242156450359636,26.7617706846276,0.08072201817219436,county
2874,51111.0,VA,Lunenburg,4.55793046636973,7.40811751561705,62.53248201737966,0.03529449021503585,0.05736501096187897,1.54356178455055,2.38430363446241,54.467651267789364,0.01195262338973633,0.018462936615010143,296.855556840222,252.29204320376,-15.011850918609431,5.988613210414,5.089611523174501,0.721278953751607,0.01455071522597553,1.21383168159809,0.756898611813085,-37.64385760498707,0.009399347077575422,0.005861070247894417,0.41564308742818,1.77397915774782,326.803479091746,0.003218546441289918,0.013736868187608952,5.69524739310145,0.044101342675402284,1.55865481944056,0.012069496820818957,0.0,0.0,0.0,0.0,0.0,0.0,0.0,0.0,0.154215259957709,0.0011941711317772108,county
2875,51113.0,VA,Madison,246.846385193976,375.732732433928,52.21317992510643,1.8548721460322812,2.8233598770207995,85.3057226840197,151.506849802041,77.60455574971962,0.64101084072753,1.1384644559816726,137.14893607493,253.426339968626,84.78184900404109,2.6981887876240407,4.985763131391423,15.2317571471525,0.29966077409310443,45.088334851298,68.7224529471873,52.417367316479925,0.3388062432469041,0.5163995562608003,52.005033729587,77.0256065986321,48.11182894168618,0.3907802354191989,0.5787917538220025,352.470214744404,2.6485588724406672,6.07465847328604,0.04564666721735828,6.97134226866183,0.05238459775069003,0.0,0.0,0.488670918952266,0.0036720087086885033,0.0,0.0,16.6991883645696,0.1254823291596754,county
2876,51115.0,VA,Mathews,0.0,0.0,0.0,0.0,0.0,0.0,0.0,0.0,0.0,0.0,119.327871058247,129.5007118483,8.525117141398908,3.0929982130183253,3.356679933859513,0.0,0.0,0.0,0.0,0.0,0.0,0.0,0.0,0.0,0.0,0.0,0.0,0.0,0.0,0.0,0.0,0.0,0.0,0.0,0.0,0.0,0.0,0.0,0.0,0.0,0.0,county
2877,51117.0,VA,Mecklenburg,3599.45608463801,3019.26143530887,-16.118953410914827,10.998429689974671,9.225597932315429,1393.6078188215,1266.85467323651,-9.095323940718004,4.258281598745684,3.8709770930317777,725.133481834239,788.432063975056,8.729231752022,5.373349254051419,5.842401363283112,138.684028121127,1.0276697156067212,614.231263211213,489.700926486346,-20.27417752620079,1.87683338897917,1.4963208558265224,583.138019422117,474.200196970719,-18.681310225554178,1.7818254634464419,1.4489571209420935,1586.28560329932,4.847024179727199,1331.35902998506,4.0680753811380805,141.48634403434,0.4323229872409326,21.0477775430481,0.06431318954700431,5.92167252977379,0.01809415018111587,0.324266020936193,0.0009908210985919669,74.3230887566945,0.2271002192583937,county
2878,51119.0,VA,Middlesex,107.602095185997,116.978122690911,8.713610537700903,0.9818605272926088,1.0674160296643034,40.4866468379914,27.0234271357913,-33.253481712312706,0.36943741981924816,0.2465866149812145,120.850927049413,210.104742202188,73.85447288814035,2.5669270826128505,4.46271754889949,4.74337352930797,0.1007513493905686,21.8844930084888,23.4943238673732,7.356034513844856,0.1996942513777608,0.21438382943127296,21.2597563071176,23.3187308621127,9.684845513990087,0.19399357885863305,0.21278155727815226,69.555065001754,0.634684414652377,43.694217578799,0.3987062467268821,5.66458294010954,0.051688867050912864,0.0,0.0,0.0,0.0,0.0,0.0,3.728839985386,0.03402536714468474,county
2879,51121.0,VA,Montgomery,7890.65123965619,13785.3522192549,74.70487290039641,8.359449147868666,14.604365008957222,2176.02776537659,3325.84041298147,52.83998053241243,2.3053095234517653,3.5234346268555283,939.725961439309,883.613682504573,-5.971132142480444,2.6273547164685573,2.4704718944965283,380.813887077738,1.0647073757310874,1634.9558605847,1664.2756866336,1.7933099452858825,1.7320915549884526,1.7631533251055174,1539.09230298157,1507.69412925713,-2.0400448799343933,1.6305325694778898,1.5972689732785934,11853.4065654412,12.557638958218071,595.419815027122,0.6307947866631939,456.066836090762,0.4831625943838059,808.355005756958,0.8563808434580875,31.8810336064198,0.03377514366304327,5.63530529895797,0.005970109012371779,490.654781595975,0.5198054724934051,county
2880,51125.0,VA,Nelson,786.914484988912,1085.54811377511,37.94994684719852,5.239111085145886,7.227350957224434,280.692893965389,465.676160144133,65.90236880081244,1.868794234123761,3.1003739024243213,442.825848414303,306.31413902128,-30.827403116112613,6.923481057134192,4.78915164198374,87.120189342579,1.3621042736488274,170.78150204286,238.092357730125,39.41343464140068,1.137027310538349,1.5851688264322568,136.473961660133,186.681189128585,36.788869362117026,0.9086149245015512,1.242884082081125,930.110101355022,6.192477372536764,121.531235735858,0.809129399040333,30.2413684164468,0.2013406685515766,1.76739272126724,0.01176692890324394,3.99999993512756,0.026631158023485757,3.00000003088443,0.019973369047166643,25.1393836164645,0.167372727140243,county
2881,51127.0,VA,New Kent,0.0441346429288387,0.0,-100.0,0.00023948474105398398,0.0,0.0116202135104686,0.0,-100.0,6.305395577876499e-05,0.0,100.481702596191,130.708811622658,30.082202277106756,1.4748525259972258,1.9185206461567301,0.0,0.0,0.0147115476429462,0.0,-100.0,7.982824701799446e-05,0.0,0.0,0.0,0.0,0.0,0.0,0.0,0.0,0.0,0.0,0.0,0.0,0.0,0.0,0.0,0.0,0.0,0.0,0.0,0.0,county
2882,51131.0,VA,Northampton,38.4566411285196,206.949240246089,438.13654592058117,0.31040956597400604,1.6704273165395835,11.7447245015064,50.4672717381909,329.7016224749919,0.09479961660752603,0.4073554906626112,436.730427932345,365.930088368896,-16.211451054291285,8.204591920577588,6.874508517168815,8.99932338938015,0.16906487674958012,8.38641053787433,23.1345456024719,175.85753759600377,0.06769239275062014,0.1867345677816765,6.99555873137433,73.6415997698496,952.6907513416324,0.05646588692690556,0.5944111693425588,180.795800955093,1.4593252155548713,13.5657255446349,0.10949814791052463,11.3306833156385,0.09145761010282108,0.0,0.0,1.99081742763519,0.01606923422096368,0.0,0.0,10.5968965275679,0.08553472053892887,county
2883,51133.0,VA,Northumberland,907.618283012227,1150.06302324291,26.712192203318242,7.361056634324631,9.327356230680538,171.417229731195,118.03877800438,-31.13949035958608,1.3902451721913625,0.9573299108222224,162.42238540636,296.048641265442,82.27083694452965,2.9318120109451264,5.343838289989927,32.1059253108449,0.5795293377408828,98.6706905983156,129.906481989776,31.656605626305033,0.8002489099620081,1.053580551417486,344.152165603651,434.820712061193,26.345481888369708,2.791177336607064,3.5265264562951577,937.624836007668,7.604418783517178,201.179339809899,1.631624815976472,8.61138621195278,0.0698409262932099,3.99999998207204,0.03244120017901087,0.999999975450919,0.008110299882002587,0.992607958614826,0.008050348407257307,5.26623910060152,0.0427107794047163,county
2884,51135.0,VA,Nottoway,7976.4103760073,8927.25589318699,11.920719626459944,50.31483237246768,56.312722470112845,3408.28912543827,4784.6224467577,40.381941515670235,21.499332148099853,30.181179882405228,498.08421350198,505.011557237762,1.3907976900284713,8.729130976200139,8.850535528176689,756.769332380329,13.262694223279517,1528.68563203218,1753.18861540428,14.686013832265424,9.642879152413927,11.059033718566077,1165.47766863728,1328.75343551351,14.00934323067196,7.351779906877438,8.381715987595472,4317.59718565214,27.235205864203248,4202.40661323191,26.50858899408257,399.85627542562,2.5222751241129124,22.0891755612438,0.13933751063674887,28.6483268774609,0.18071233758569924,2.99999993457459,0.018923862578531445,353.514555173182,2.2299536691678665,county
2885,51137.0,VA,Orange,7442.87216711101,8426.41495907406,13.214559781225121,22.230136994447626,25.16775173702715,1455.99387783227,2529.35802684809,73.72037515802461,4.3487168179931,7.554607170777723,275.083914702155,451.766126074516,64.228477904156,2.1332602923780932,3.5034209079062886,395.520804534969,3.0672416016670723,1612.29117836292,1839.01615182488,14.062284561537503,4.815540689832801,5.492715724813714,1754.30134846944,1890.03335027498,7.737097273735833,5.239692208922793,5.6450922919715065,7216.85609440562,21.55507928199761,861.183888886643,2.572157011100753,267.876137289298,0.8000840395725874,43.8898079530009,0.13108870091395386,29.4456819348525,0.0879474386513321,8.55309648218099,0.02554612013434781,266.486330952246,0.7959330096241033,county
2886,51139.0,VA,Page,692.156826440245,967.285237248056,39.749432541580695,2.878948616755033,4.0233143550788455,160.834379322594,349.323332825676,117.19444206951535,0.6689725452233342,1.452971187196057,234.824739906793,202.056419397959,-13.954373172877983,2.4094473620643653,2.0732240857578392,48.3929137325031,0.4965412859891555,121.468084185384,195.03575737332,60.56543468295538,0.5052328599342152,0.8112293377144996,172.37533282279,234.518869730353,36.051293354977595,0.7169758456983196,0.9754549111153524,842.525922685862,3.5043919918719824,92.994022609375,0.3867981973603481,18.2968025552545,0.07610349619521879,4.05084834698937,0.0168490489434713,3.17404319345951,0.013202076339154436,0.0,0.0,24.5404083522008,0.10207307358872306,county
2887,51141.0,VA,Patrick,906.929217958826,1742.23961442502,92.10315203497132,4.904971432984457,9.422604729178039,347.422732733351,869.276546346899,150.20715815221968,1.8789763803858897,4.701333403714974,266.42979124591,340.190603255961,27.68489652194002,3.296990363147011,4.209758733522595,122.20391962291,1.5122375896907565,194.362759550196,354.725705479042,82.50703288014944,1.0511777152525472,1.91847325840477,172.289405665498,383.423783886414,122.546350081929,0.9317977591427692,2.0736819031174365,1563.22797640387,8.45445092700849,132.216704605278,0.7150714148473662,35.3741372442577,0.1913149661668886,1.8949707715783,0.010248625049098431,5.37023184468853,0.029043979690040723,0.0,0.0,39.5297304819127,0.21378978086486047,county
2888,51143.0,VA,Pittsylvania,9790.16359844164,9948.03983384893,1.6126005844521305,15.416123828365256,15.66472433132134,3080.83767942291,3705.88940701287,20.28836935372208,4.85125449472949,5.835494924909253,1358.10210664931,1135.44059582789,-16.39504936567451,5.186961412555131,4.336556528388228,604.639707034866,2.3092835314320967,2127.95654402761,2195.74260238935,3.1855001246144017,3.3507960571089503,3.4575356696837303,1606.59974523398,1605.42830121516,-0.07291449051296882,2.529839299017384,2.5279946795817088,7738.26861931221,12.185098446307766,1899.74425557689,2.9914405813260014,338.212023073704,0.53256703787627,32.9381248005228,0.05186616193827796,31.6584721740432,0.04985115134639751,7.99104348799528,0.012583131496229144,237.439310325617,0.3738848460391411,county
2889,51145.0,VA,Powhatan,2645.3136313864,2701.44826132096,2.1220406256758153,9.43205316760465,9.632205167656565,590.03657079758,441.268492864297,-25.213365627860362,2.103817196026456,1.5733740742505065,141.619024161923,194.287705430948,37.19039979318399,1.4916686766581315,2.0464262210969872,60.9509005904685,0.6419938970978355,426.144157018908,441.188504887093,3.5303424018359815,1.5194471832664485,1.5730888714508058,222.978906680666,229.491864711465,2.9208852656751034,0.7950470893555802,0.818269502643746,1770.74340005453,6.3137110463329185,888.696755384223,3.1687112436148577,54.2200436422208,0.193325406982175,7.34189908761982,0.02617806135498759,0.956512540244148,0.003410513229138373,0.999999974384991,0.003565570756560618,32.7096960789822,0.11662873878265065,county
2890,51147.0,VA,Prince Edward,3509.50697097613,4939.83796922819,40.755895630953226,15.01843106374585,21.139327153492765,1487.86462983345,2913.89512382882,95.84410203736064,6.367103003395455,12.469595702793649,379.442879931607,494.748748773126,30.38820200350113,4.793366345775733,6.249984193697902,207.093673914699,2.616140398113933,659.74056521695,661.093561870579,0.20508010647853658,2.8232650000725354,2.829054954940855,622.088321411653,479.600001220492,-22.904837671252885,2.6621376301423014,2.0523793273728685,3667.92465897859,15.696356808364387,1115.53782962462,4.773783933689747,109.594360526783,0.4689933264583319,25.8276835636862,0.11052586256284748,24.8497869081734,0.10634109426640448,12.9833351946072,0.055560318361037316,92.7147016237432,0.39675925035836695,county
2891,51149.0,VA,Prince George,10243.3098772783,11104.2019562397,8.404432642138753,28.67266585662225,31.082440745247588,3169.86154876127,3588.64411824978,13.211383621854505,8.872950451396136,10.045189974107153,193.181529933526,409.739217661617,112.10061738438904,1.6870275952626494,3.578195944997092,201.586781215292,1.7604294927542747,2172.54377320879,2448.0636304232,12.681901309057372,6.081298175531952,6.852522408462421,506.16294602039,573.470842942682,13.297673694111264,1.4168311994972431,1.6052367892027488,5280.02014402444,14.779622516513474,4870.74667754971,13.634000496990089,1059.67765087048,2.9662075601692925,147.900759056552,0.4139979259805514,87.6561139738478,0.2453635100737517,69.6020873176167,0.19482739627044526,648.276171430411,1.8146288913377493,county
2892,51153.0,VA,Prince William,82733.0923689019,87198.5298483464,5.397401875821811,20.580268846648,21.691068663426147,12166.1466100223,13468.0708435223,10.701204541029393,3.0263895726942405,3.350249711076637,816.570892297194,942.605412976992,15.434608540262218,0.6243612740736277,0.7207289926038858,1529.24565043517,1.169282142780265,24484.3427342239,25881.5026749131,5.706340398250781,6.09060221944764,6.438152714392738,4695.57434583171,4648.84054615078,-0.9952733412136474,1.1680475086769992,1.1564222432104267,53096.2734805798,13.207962517743645,17329.1667924616,4.3107165617239716,14695.0396698047,3.655464318536898,6223.30667676488,1.5480785361179497,448.014983443263,0.1114459588368374,94.6769205816826,0.023551355610589648,10007.0910464159,2.489313746303725,county
2893,51155.0,VA,Pulaski,5226.846663107,5242.47644697338,0.29902893415070253,14.988663291772768,15.033483731857595,2063.13117751542,2230.49674664033,8.112211717262905,5.916297251420682,6.396239810278533,471.210100060803,536.58481488554,13.873793201016143,3.1793408006261585,3.620435968460563,313.597914625973,2.115902534417198,979.405360640008,1087.23660306369,11.009868513811066,2.808572380821312,3.1177925070649515,741.791770313779,817.934427271748,10.264694218130849,2.1271844755499507,2.345533457420704,4637.7669396762,13.299400492303855,450.622523305654,1.2922187523103177,90.1953557067027,0.2586469250593677,21.7638636308548,0.062410712407819466,11.7647626009129,0.03373698841739189,1.28108091698959,0.003673666313918301,119.277282412339,0.3420431360757599,county
2894,51157.0,VA,Rappahannock,5825.45566774633,5513.7101742136,-5.351435343654985,79.01065601175003,74.78245184068358,1376.752680936,1516.38975310693,10.142495025032108,18.672896798263935,20.566794427057236,181.559701547449,163.260958560445,-10.078636851152673,5.910146534747689,5.3144843281394865,145.257318844852,4.7284283478141935,1118.73659712748,1048.62644970858,-6.266903898461732,15.173424618574257,14.22252067962268,1127.92917107528,1064.22632212694,-5.647770319443967,15.298103500275055,14.434101751348706,5132.44502246695,69.61135253583276,234.972987160867,3.186938656732226,167.113383903145,2.2665588485439443,33.199165332563,0.4502802839083548,13.0946673257292,0.1776029747148949,1.1831224404774,0.016046689820661875,98.8152103882501,1.3402307118981418,county
2895,51159.0,VA,Richmond,643.881685425311,473.122717798471,-26.520239896875857,6.957874275181662,5.112629325680473,225.279153176924,184.253443645214,-18.21105457524971,2.4343975921431165,1.9910681180593688,119.015927051007,191.437688213412,60.85047855096487,3.7675190582781584,6.060072434739221,22.7729949385499,0.7208925273361791,99.4756533748332,60.5026371896129,-39.17844705012037,1.0749476267001643,0.6537998399569148,185.07410046199,143.3995713483,-22.517753164629873,1.9999362487787984,1.5495955408288309,358.450547800217,3.8734660449558778,100.135958396155,1.0820829738075968,6.56367981806397,0.07092802915565129,1.24717895081267,0.01347718771139691,0.0445075072348118,0.00048095426015573584,0.0,0.0,13.2445295013749,0.1431222120312827,county
2896,51161.0,VA,Roanoke,19685.0061404106,18650.4453784253,-5.255577542653101,21.309654174688887,20.18970877546689,2706.35892601312,3074.9295287922,13.618688904728577,2.929720843090326,3.3287104104877887,504.200633692473,451.647531696587,-10.42305353942488,1.3406738823986202,1.2009347258471257,345.138584688205,0.9177265068288796,4368.47832059858,4078.3565585443,-6.641254477246131,4.729018706805426,4.414952540209903,3348.75664881533,3267.43937599995,-2.4282825341801875,3.6251371014282183,3.5371085303541503,16868.4921972552,18.26068697200052,850.939585219634,0.9211695518528991,299.808410865265,0.32455227641948664,575.433259864205,0.6229250669699976,30.4893068434726,0.033005658226674235,5.38155038043624,0.005825701892738633,319.709374544992,0.3460957115971594,county
2897,51163.0,VA,Rockbridge,3642.08198710648,4503.16268019669,23.642540067427532,16.327081127477832,20.187217824883174,1418.14549639133,1203.23618830344,-15.154249591086161,6.3574012479998645,5.393984795371139,414.321154671228,421.037377776013,1.6210186298873532,4.336171163487474,4.406461305871408,209.440907716549,2.191950891852946,736.495251496696,895.184156260041,21.54649394423922,3.301632902213189,4.013019035549563,713.333101829848,899.302777945839,26.070523804228348,3.1977993536999514,4.031482395417757,4233.54686939074,18.97855771457721,126.320768379932,0.566283087730004,74.664136531411,0.33471168929668266,10.7494409383804,0.04818864454377729,30.0974339718752,0.13492371888588875,0.0,0.0,102.448176894041,0.4592647011881517,county
2898,51165.0,VA,Rockingham,14849.4101965597,16615.3969505354,11.892639038181073,19.4583041074504,21.772409977901038,4201.92445148271,4641.31951420665,10.456995783655588,5.506099079438517,6.081871628019303,1576.8290282184,1077.06464761764,-31.694265621519218,5.404356267671112,3.6914852370622064,468.269207548512,1.6049258235888268,3612.40996953125,4050.89257026653,12.138229172038793,4.733613713776307,5.3081905944735315,2533.96647447853,2795.63598283083,10.326478703951656,3.3204477218839665,3.663333048760162,15270.5177616676,20.010113166217998,282.092184819189,0.3696467028581768,1074.6068503948,1.408138546524622,165.370717132208,0.21669774501691436,51.9939012457135,0.06813153713042627,0.0003300452954136,4.324832867017848e-07,845.422066113752,1.10782040793793,county
2899,51167.0,VA,Russell,2117.97269709305,1533.73524264707,-27.584749097467352,7.329386085382738,5.307593323345227,859.402115020441,677.856767752415,-21.124610248801627,2.974018462194833,2.345768653328771,921.755980711314,858.602988913976,-6.851378577289317,7.717960149973322,7.189173481654326,112.005722350862,0.9378357393524408,476.131249714114,353.354031897245,-25.786422943377218,1.6476840146524343,1.2228052458637402,367.898169317553,269.582207242239,-26.72368885599214,1.2731362055492024,0.9329072472652492,1456.81348965479,5.041400455600201,36.433982191049,0.12608223065041008,22.0701061373586,0.07637507747295083,5.71392636904517,0.019773424123767758,6.99199431249872,0.024196263669234597,0.0,0.0,27.7818389010419,0.0961409104787414,county
2900,51169.0,VA,Scott,2780.49611609196,2456.10116800541,-11.666800978758193,11.996790421935367,10.597148759569443,1194.37326399135,921.711750607787,-22.82883597648396,5.153269465380982,3.9768380317029255,583.84578023452,791.252053881086,35.52415392353349,5.97284685661913,8.094650167581442,191.340633241834,1.957448933420297,545.711152882526,478.425242417063,-12.329949664772109,2.354537484931294,2.064224198201074,526.214218644524,471.045464302417,-10.484086591999787,2.270415578567217,2.0323832433119766,2401.37905082111,10.361043494935107,8.52213929279242,0.036769811851371716,39.8143438343377,0.1717838539687522,1.72133354051039,0.00742690400185697,8.70960284471948,0.0375786462644841,10.9999999552965,0.04746084461015878,24.7690450793361,0.10686907312998273,county
2901,51171.0,VA,Shenandoah,2913.58625379648,2906.85638521496,-0.23098230137346024,6.93826650583783,6.922240338187223,1075.11320667147,1220.23446903958,13.4982308344442,2.560220052559879,2.9058044651241404,476.942825296467,506.950277500105,6.291624616637316,2.7930594126052184,2.968788226165993,108.252409703709,0.6339447745590829,726.443358141262,725.167725408482,-0.17559975165082484,1.7299153624205512,1.7268776353403712,447.642211315064,446.369864748632,-0.2842329285020229,1.0659924542544328,1.062962552684095,2687.39463019162,6.3996252475213025,94.052965546371,0.22397296108011092,170.43076604455,0.4058551807314315,6.9153558946964,0.016467877728898628,8.34591260924935,0.01987453292036613,0.71769673191011,0.0017090865904081868,109.429821289129,0.2605906253164313,county
2902,51173.0,VA,Smyth,2618.37925776008,3913.86184187147,49.47650651722717,8.129592827123941,12.151831352059956,1182.86115319827,1998.19925845176,68.92931626412319,3.672569402627514,6.204046381184053,865.11935603989,973.175126740264,12.490273156643092,6.495377701328104,7.306668118779668,355.612542392578,2.6699642795448457,554.36133025778,813.272616309165,46.70442758534228,1.721191412871895,2.5250640099017794,539.410952381816,744.116217770174,37.94977919607753,1.6747732003906357,2.3103459319739628,3591.68091608932,11.151517995806381,217.404164296594,0.6750005101111339,78.7238195480313,0.2444231853826109,13.2676285490743,0.04119358093974882,6.28197041270323,0.01950437907570551,3.00000010430813,0.009314456359625342,82.2271444008162,0.25530037382270304,county
2903,51175.0,VA,Southampton,4231.89571230717,4170.71276121397,-1.445757534035338,22.788883749634728,22.459411745901832,2722.99429333369,2562.07142935506,-5.909776027536824,14.663404918328974,13.796830529644911,417.228896284282,352.710373992333,-15.46357955226303,6.20968739818845,5.249447447422726,181.843642774806,2.7064093283941952,614.239441881512,599.6306899459,-2.378348073979596,3.3076975868686698,3.22902902501831,626.771367223769,610.678926722938,-2.567513664849118,3.3751823760030635,3.288524107285605,2183.92753973771,11.760514484317234,1919.60189822354,10.33711307605568,47.8831380590103,0.25785211663441193,6.17088681947507,0.03323040829011885,11.9052049360507,0.06410988118497954,0.0,0.0,49.107239308914,0.26444393812016154,county
2904,51177.0,VA,Spotsylvania,33092.7396318816,28676.0732113165,-13.346330553757113,27.03721466366137,23.428738622120232,6295.87399299437,5023.76431165689,-20.20545015279848,5.143813976645156,4.1044832076414375,743.306545986706,591.686643765014,-20.39803134256318,1.7722248485687522,1.4107258684970054,788.444773452171,1.8798454376333291,9578.80407191072,8433.55622438932,-11.956062979508802,7.8260121342113935,6.890329194661077,2650.86533305589,2186.4321525613,-17.520059382239396,2.165792734344706,1.7863445611912874,20938.9332919347,17.107390942535115,4857.27676449316,3.9684606358760095,2472.83721260353,2.0203413585329137,690.575625568031,0.5642096011895971,85.2904197463149,0.06968342340605971,38.430001472223,0.03139782958097257,2065.56710626809,1.6875961880340935,county
2905,51179.0,VA,Stafford,36486.0429988952,33223.4219746018,-8.94210705280426,28.29230775109933,25.76237930428719,3836.72583120046,4424.98652176667,15.33236192647498,2.975105521204442,3.4312594674100465,482.789868925879,432.833013297138,-10.34753602843532,1.155856900873564,1.0362541916185162,378.135615643058,0.9053020556945534,11136.3063357721,10106.6486411655,-9.245953402872262,8.635406313359931,7.836980669477983,2093.45943562221,1913.39662184648,-8.601208636374293,1.623327545244074,1.4837017562258978,23901.4492596663,18.533858499597784,5831.96276414118,4.522268565024449,3223.05227051163,2.499245718094331,975.621833585117,0.7565247118005575,140.85392139803,0.1092221069920596,46.5906879853319,0.03612773473013694,2326.94343341953,1.8043776284454447,county
2906,51181.0,VA,Surry,1642.799014573,2111.1602817498,28.509955449330338,23.275701538296968,29.91159367738453,468.405843706552,728.47557123553,55.52230635532103,6.636523713609408,10.321274741223153,140.335774757224,201.317291758831,43.45400672572829,4.965880210800567,7.123754131593454,128.560793661151,4.549214213062668,329.941649131275,418.819316740604,26.93738963945316,4.6747187465468265,5.933965949852706,277.632612732667,352.604772895072,27.00408983817614,3.9335875989326583,4.9958171280117885,1180.33552049601,16.723370933635735,875.758314674108,12.408023727318051,24.9354708691858,0.3532937215809833,6.78932959092583,0.09619339176715544,7.42561027422653,0.10520841986719368,1.0000000372529,0.014168320165102012,39.8515086470587,0.5646289125397946,county
2907,51183.0,VA,Sussex,3495.2369503613,6463.22880337837,84.91532606137821,28.91732398743526,53.47256393959105,1472.34695895243,2228.62475219229,51.365460338095126,12.181243972469845,18.438196013835444,304.255994808257,397.212060320178,30.551925713247545,7.617826610121607,9.945219337009963,265.076280687419,6.636862310651453,675.638949139105,789.273026110919,16.818757580007173,5.589798536767644,6.5299332018773795,618.096323667552,736.364493346869,19.134261950881374,5.113728168011517,6.092202311134847,2548.51085722737,21.084726211858765,3792.39567385294,31.375822568486303,115.111618152881,0.9523588827077109,19.5546259628325,0.16178229472021596,13.0132601644889,0.10766327595341194,0.0,0.0,89.7544061763329,0.7425697540856533,county
2908,51185.0,VA,Tazewell,8236.50733375997,8591.1960760457,4.306300327469207,18.271678720795,19.058512081382712,3121.69766060512,3773.31617760051,20.87385095676044,6.925102401626336,8.370637955544856,1026.24196876762,1068.50259702066,4.117998438885662,5.562588588907908,5.791655900160768,691.704459630713,3.7492788749022328,1781.91403776212,1865.68191339419,4.701005427695761,3.952957180358756,4.138785911961912,1531.80494329655,1603.59991956353,4.686952903577415,3.3981209088614177,3.5573892354663688,7969.62211256228,17.679626675012823,339.911028147413,0.7540508189081436,75.2056278937289,0.16683443784934754,125.827481407912,0.27913279517261635,6.92807332891971,0.015369078772172034,0.0,0.0,148.907381896935,0.3303327163958805,county
2909,51187.0,VA,Warren,1916.83232344926,4459.50317510986,132.64962305545694,5.101350162206946,11.8682719231134,569.698571608685,1173.2357652747,105.93974142532572,1.5161638632300334,3.12238393952016,269.593693373761,359.838773374334,33.47447741496624,1.9140482312656089,2.554765874152176,216.999971520336,1.5406458751887542,460.007572326809,1109.89240071792,141.2769848774153,1.2242383827726122,2.9538054576657884,274.252131782006,642.815925907955,134.38867064811305,0.729879259566217,1.7107542938335465,3719.77746935771,9.899607370213467,458.059790048166,1.2190546641335092,226.082365048467,0.6016829409140839,42.9486409860547,0.11430110708198188,11.6587536240695,0.031027953756671993,1.00000004004687,0.002661344085287745,226.058511980897,0.6016194596963327,county
2910,51191.0,VA,Washington,6862.70292224143,6273.9142921513,-8.579544193613813,12.505836653986131,11.432892871476238,1952.86676381817,1863.30993368695,-4.585916038435823,3.5586900718313466,3.3954915330690096,780.494054827522,875.432225664005,12.163855733335865,3.4167756197851507,3.832387276907609,333.62587799684,1.4605169110749028,1422.85560182756,1292.78758421927,-9.141336439286354,2.5928558966170274,2.3558342157213903,1247.70337852808,1130.73951033434,-9.374332890860874,2.273677707063343,2.0605355899379325,6087.24931911847,11.092735110282216,38.8287437469589,0.07075724132035663,120.724128923042,0.21999440360638892,38.2236914361783,0.06965466039102394,8.94664514079341,0.016303384249568845,7.16011209995486,0.01304780250009997,93.5057533270611,0.17039462301745956,county
2911,51193.0,VA,Westmoreland,3074.38711264066,1012.96074551225,-67.051620098609,17.61422661075203,5.8036023004024875,904.714248674689,359.380465546885,-60.276908861185795,5.183420698262227,2.0590149280788643,199.047938427043,203.31680832867,2.1446441170711585,2.722954014049836,2.7813516871227084,62.6473647461462,0.8570090936545307,659.601709065115,219.433473889306,-66.73242793741096,3.7790862212966365,1.2572102319772314,590.720118869525,210.206152541701,-64.41527115345632,3.384439778099719,1.2043437180113497,822.302278010378,4.711254027789493,140.863752748579,0.8070571373242753,29.0211451924406,0.16627217367045147,15.04505610466,0.08619832763068637,4.08351654279977,0.023395877980977253,0.0,0.0,30.6661389881847,0.17569691181496905,county
2912,51195.0,VA,Wise,3924.42990707015,3456.1360691945,-11.932786391011442,9.4674078622748,8.337682305303725,2061.43877514707,1528.42042656655,-25.856617960554885,4.973074339349296,3.68720550652936,879.350601841465,1099.07565731189,24.98719566578955,5.506955171852863,6.882988835871054,195.901725209915,1.2268394614849387,732.898681016464,578.45428326715,-21.073089875822077,1.7680659100078742,1.3954797917281434,421.387533100773,345.373984565704,-18.03886982031115,1.0165674348662863,0.8331901586550805,2815.69204266171,6.792656669549624,551.092109187332,1.3294704940348645,61.8883624369628,0.149301269991708,12.1315162254323,0.029266419534479157,4.5890041294042,0.011070645878134227,0.526923000812531,0.0012711642401151474,72.104482133378,0.17394693171228892,county
2913,51197.0,VA,Wythe,1167.4537228643,1165.90219607102,-0.1328983550177484,3.993342647047375,3.9880355603592266,487.806607907229,507.255775712234,3.9870652610560464,1.6685705760466192,1.7350975738403762,386.942005901047,438.560071262982,13.34000045865666,3.102485614985945,3.5163572102548266,88.4580259619646,0.7092529342684774,242.792022813752,242.73521033983,-0.023399646027740188,0.8304840869292013,0.8302897565925431,271.775314707579,271.612417997596,-0.05993800804103904,0.9296231048660132,0.9290659072946674,1056.952137913,3.615365616257909,76.2256184267462,0.26073411468016483,8.61305753095075,0.029461458973664274,7.58411312885073,0.025941895429624526,1.40692804281207,0.0048124783403867616,0.0073964605107903,2.5300018849975368e-05,23.7260104740162,0.0811561842791729,county
2914,51199.0,VA,York,19279.9990052805,20778.9616264753,7.774702793212048,29.451299959184443,31.74105099974841,2547.68395409138,2799.21057113177,9.872755866615941,3.8917327906809542,4.275954068085925,238.238791788502,307.704942686121,29.158203152443797,0.9924135290698242,1.2817834819883405,365.188972194248,1.5212404073741896,4587.7245694902,4807.47224028516,4.789905485092774,7.008011379521875,7.343688500985519,2983.51435777675,3458.62940736123,15.924677833242452,4.557488631578806,5.283254013444381,16685.7149991022,25.488382926650072,2472.34854414198,3.77665364802331,695.076987150369,1.0617698080630102,836.188954601184,1.2773264001606746,64.5251093343104,0.09856579086873762,33.3487016734143,0.05094204703869959,686.835306711313,1.0491801703399013,county
2915,51510.0,VA,Alexandria,0.0,,,0.0,,0.0,,,0.0,,0.0,,,0.0,,,,0.0,,,0.0,,0.0,,,0.0,,,,,,,,,,,,,,,,city
2916,51515.0,VA,Bedford,539.658697448824,539.658697448824,0.0,8.673395973140854,8.673395973140854,281.103183400111,,,4.517891086469158,,32.2673675019105,,,1.2282972022044347,,,,79.3964088975918,79.3964088975918,0.0,1.2760592879715815,1.2760592879715815,200.792828828709,200.792828828709,0.0,3.2271428612778688,3.2271428612778688,495.78343672472,7.968232669956928,35.5881122186547,0.5719722310937753,9.36191526427865,0.15046472620184265,0.0,0.0,0.0,0.0,0.0,0.0,8.28714492544532,0.1331910145523195,city
2917,51520.0,VA,Bristol,5023.14059927876,4843.75171748365,-3.5712494653418103,28.164511350035106,27.158686389030837,2764.11971476802,2693.84329971824,-2.54245193051192,15.498288280168321,15.104251750592878,250.283181880238,278.138325804529,11.129450934349983,3.1765856311744884,3.5301221703836663,510.326578422088,6.477047574845639,1172.36415714072,1130.627407338,-3.560049968135476,6.5733902839401175,6.339374305231288,852.014026907681,829.248634670571,-2.6719504043536912,4.777202281512088,4.649557805834434,4249.15720528571,23.82482313028153,415.369214498461,2.328955506018845,67.3419719746453,0.3775832462834051,19.275956235826,0.10807937334357162,23.4399735375127,0.1314268210681957,0.734128093346953,0.00411622143732522,135.775214475762,0.7612851947057022,city
2918,51530.0,VA,Buena Vista,6237.54912825974,6102.94072902689,-2.1580334914397024,93.79773125202615,91.77354479739685,2700.57345208953,3502.33251008793,29.688474400799976,40.61012709909068,52.66665428703654,168.870595192777,281.225587655481,66.5331891170534,6.487537272100536,10.803902714386515,405.245452539746,15.568400020735536,1332.95264546065,1298.68552925267,-2.5707677106667064,20.0444006836188,19.529105703047673,1010.56924355688,991.604397518156,-1.8766498346984906,15.196529978298948,14.911344323581293,5540.28824037677,83.31260511844766,327.060289640507,4.91819984421815,99.9409312102543,1.5028711460188615,27.7569021810195,0.4173970252784887,63.9787104198513,0.9620858709752076,11.5717923128977,0.17401191447966466,132.284811230598,1.989245281663128,city
2919,51540.0,VA,Charlottesville,1152.96102371812,3192.37909403443,176.88525703492596,2.65200925524582,7.343022642977412,567.065817810595,1407.56322111934,148.21866825862503,1.3043492071549052,3.2376382314418395,24.8527371978853,43.5786824920942,75.34761722665412,0.13979489930186353,0.2451270249302183,31.5168700619106,0.17728017809602092,178.34670958668,337.411890752614,89.18873890893131,0.4102281991643013,0.7761055566477608,88.5351616521366,191.511037599295,116.31071093737968,0.2036461452608087,0.44050842461022427,2108.60523068905,4.850155792269235,416.843390397262,0.958811708791862,125.462093734648,0.2885844594241472,525.932946349494,1.2097365068418493,2.54728604108095,0.005859197334286257,1.66670449078083,0.003833707856885175,136.783528953791,0.31462571352223345,city
2920,51550.0,VA,Chesapeake,49801.0771240773,45111.9538518353,-9.415706532931504,22.41181820901822,20.30158717776296,8190.73369673556,10926.5161050588,33.40094440396216,3.686049483475269,4.917224822153378,646.146645678142,895.50572620047,38.591716321706095,0.8120072456809284,1.1253747784458117,1629.8550251176,2.0482255826244757,13619.9929600225,12657.7658498598,-7.064813564786979,6.129361529021102,5.696333564283985,4590.30814162385,4070.9279806755,-11.314712322659375,2.0657615765445367,1.8320265968864895,27897.2771332858,12.554521704019999,14247.9438839661,6.4119562591821655,1801.47630958791,0.8107125767128739,983.727976455732,0.4427039302889316,161.393459305731,0.0726313782545851,40.7561427344481,0.018341355541156342,1780.85521874357,0.8014325336703598,city
2921,51570.0,VA,Colonial Heights,3299.46046359523,3198.70894717949,-3.053575502036984,18.95043629656671,18.371770416285628,962.381956378231,516.184852048231,-46.36382689563203,5.527436427420776,2.9647053704452992,88.9404568404498,30.7609351139472,-65.41401269263861,1.2225492349202722,0.422830723215769,71.7002246398479,0.9855700981422392,762.196093042134,711.498631565584,-6.651498471240186,4.377669823916685,4.086489182502923,567.663879577638,602.464289290583,6.130460465238291,3.2603749329598415,3.460250929243484,2758.62540479808,15.844152574798,190.199286170304,1.0924087425782778,103.701881490648,0.5956112887866751,140.36391459126,0.806179510603986,11.6474980469793,0.06689735251840387,1.67701558023691,0.009631931424024524,96.1958254706115,0.5525002898777296,city
2922,51580.0,VA,Covington,1152.0088026328,1240.29579375219,7.663742752452843,19.325764177701732,20.80684102922648,464.472097776772,584.226995258359,25.783012166888426,7.791848645810635,9.800821930185522,35.3064463165283,28.2179555209186,-20.07704409574437,1.3414303311750877,1.0721107720713754,71.6959918725042,2.724011849259274,272.111653823289,290.477118987474,6.749238743046145,4.564865858468194,4.872959553556013,212.480159512226,226.641481629078,6.664773854349983,3.5645052761655087,3.8020714918483134,1113.0590481502,18.67235443969468,86.0472195303591,1.4435030956275638,16.5935148965618,0.2783679734367019,2.0,0.033551417547391375,1.05001286044717,0.017614709955496896,0.0,0.0,38.139512939204,0.6398173618386849,city
2923,51590.0,VA,Danville,6394.92237764929,5596.75480233837,-12.481270735991618,14.852914592147927,12.999082109716339,3009.32483963988,2495.13511942278,-17.08654756854471,6.989489814516038,5.7952273125601685,449.587289281976,320.666074401328,-28.675458126617563,2.3874849412244488,1.7028626966243323,611.079746403575,3.2450732643172167,1432.27958680759,1362.37702466804,-4.880510954942537,3.3266277710082215,3.1642713382140046,1245.75840952119,926.547501539811,-25.623821243483995,2.8934117048454078,2.1520090617577767,2914.18936507509,6.768527151492486,2352.77388667281,5.46457760230591,290.268087799166,0.6741797417237626,65.0486528173351,0.15108269148144254,8.58625233988278,0.0199425208219319,0.0,0.0,256.156664306123,0.5949521874488979,city
2924,51595.0,VA,Emporia,101.416347637773,55.9880405515432,-44.79387016429076,1.7110907311923909,0.9446269706688578,58.0547158531845,35.2973611801863,-39.1998381846354,0.9794957964093892,0.5955350291916028,21.131772226369,23.5974742962691,11.668221876929502,0.9124253983751728,1.018889218319046,7.93370794504881,0.3425607921005531,19.3049600310624,13.1694429479539,-31.78207607390134,0.32571216519423657,0.22219407707025307,21.4317717840895,8.86458952631801,-58.63809294153227,0.3615956096522608,0.1495628399918679,24.527082324028,0.41381950943188794,31.2241256460547,0.5268116356682082,0.0,0.0,0.0,0.0,0.103511080145836,0.001746432936491243,0.0,0.0,0.133321896195412,0.0022493992946754173,city
2925,51600.0,VA,Fairfax,0.0,603.948854207993,,0.0,2.6764850618568268,0.0,35.3481936305761,,0.0,0.15665053680733926,0.0,1.78446364402771,,0.0,0.02137850298343968,6.4507041554898,0.07728170786497904,0.0,143.510246872902,,0.0,0.6359860264697629,0.0,103.15583383292,,0.0,0.4571497178502991,486.211040854454,2.1547132322377758,5.42965784668922,0.02406229934273973,27.4557187110186,0.12167391407497714,91.7396573722363,0.4065573116429701,3.53181564807892,0.01565174229150862,0.0,0.0,17.0366719923913,0.07550042983554754,city
2926,51610.0,VA,Falls Church,165.877686977386,,,1.3450996349123092,,10.226876616478,,,0.08292958657539734,,0.0,,,0.0,,,,47.7620681524277,,,0.3873018825204971,,20.7755504846573,,,0.16846862215907638,,,,,,,,,,,,,,,,city
2927,51620.0,VA,Franklin,4977.80812051171,5025.12923028343,0.9506414997542293,58.002891173522606,58.55429072807539,1895.74524037819,2437.67439453327,28.586602387933123,22.08978373780226,28.404502383282104,374.418085135272,293.463243728509,-21.62150938235667,10.606744621395807,8.313406337918101,625.265597028803,17.71290643141085,1128.88426684582,1152.21620272839,2.0668138061451575,13.154093065087626,13.425963676630039,929.753803182393,930.903969097883,0.12370650289927995,10.833766058988497,10.847168132112362,2308.18515008758,26.89565544264251,2525.84407425369,29.43188154572,107.112230435363,1.248103360934083,31.5302351797,0.367399617568166,13.4326697158212,0.1565214369123887,0.0,0.0,146.137098501174,1.7028326555718245,city
2928,51630.0,VA,Fredericksburg,6390.31009143777,2115.13994981349,-66.90082453670726,26.31273199142621,8.709297331028122,1519.33157106931,475.798607751727,-68.6836884843472,6.255997575019807,1.959147689004888,254.643901777599,33.8999846063671,-86.68729768522999,2.6790520965554867,0.3566542304720368,109.444238333032,1.1514385937194318,1582.54141587298,565.201138474047,-64.2852229455073,6.516270344531747,2.3272714258175364,568.341514928034,129.909614931792,-77.14233229148468,2.3402022355597216,0.5349156507114879,1055.30777127482,4.345333818969037,786.328441828489,3.2377849041772584,230.508027978241,0.9491395370923208,89.4038306958973,0.3681290895820526,16.0655217565363,0.0661513701578535,1.20649171620607,0.004967848621452975,166.827887334861,0.6869302780814502,city
2929,51640.0,VA,Galax,189.633732176808,206.048072769915,8.655812657741098,2.6928959411645548,2.925987968899673,103.725140180624,83.6852406823597,-19.320195145909064,1.4729500167654643,1.1883731991246764,7.65925626919579,5.04841692210175,-34.087374221886094,0.2621237600683022,0.17277265304934122,16.6647151093545,0.5703187922434805,48.415638088185,41.3825953543749,-14.526386538580788,0.6875268118174525,0.5876540095764683,35.0687823198823,43.4693831171208,23.954640684731622,0.4979946367492517,0.6172874626117694,197.505750730311,2.8046826289450584,0.798758417367935,0.011342777866627877,13.0816001445055,0.18576540960672394,1.0,0.014200511218403862,0.0,0.0,0.0896391645073891,0.0012729219611955285,6.65392445959151,0.09448912893484107,city
2930,51650.0,VA,Hampton,32202.208606468,41215.7511130226,27.99044816057795,23.430694000456942,29.989050258318485,8162.030648902,14175.1689173832,73.67208636113268,5.938786525293227,10.314014463010565,907.74623495813,1411.0369438273,55.44398748097088,1.6495179716126,2.5640765092898548,1856.64108455262,3.3738094611266742,7628.55220318382,9547.6970754654,25.157393187669403,5.550621527972162,6.947013210123542,3862.26136030585,4836.99476059767,25.23737544821752,2.8102253851289687,3.5194525165150834,17099.6540039274,12.441903143228412,21019.7068274436,15.294178255656162,1727.14206558808,1.256688251686661,1002.04592509527,0.7291000357222781,167.410451034273,0.12180975220049547,39.7858101502861,0.028948608916358236,1887.14821942123,1.3731105528545866,city
2931,51660.0,VA,Harrisonburg,4207.56310046749,1294.42661648925,-69.23571707467846,8.601960789278099,2.6463315543387367,1848.32946731713,541.263497069944,-70.716070557724,3.778733015736047,1.1065615101401316,91.0922239660872,55.1706925099143,-39.43424574807412,0.5697537150743508,0.34507563491314924,74.8486698382931,0.4681553029665568,835.101137078702,317.757653465203,-61.94979992761562,1.7072844933530318,0.6496251655256225,340.354968838976,75.6981574812671,-77.75905615848953,0.6958232179723105,0.15475765114541254,962.648380780884,1.9680426478735824,104.759484754875,0.2141707583818028,268.087292035983,0.5480788568425871,32.3684983688581,0.06617430258997035,1.43897292047768,0.002941842663608946,0.0,0.0,193.211294047767,0.3950020322356933,city
2932,51670.0,VA,Hopewell,6541.19696373516,8232.64107808428,25.858327210243026,28.954880101523443,36.44212774150892,2656.49749310163,2913.32652137286,9.667956733938636,11.759096512335136,12.895960875449779,283.50326265468,296.622821962177,4.627657256797513,3.1055237447111406,3.2492367396448354,594.518235067282,6.512413572869778,1501.1633364679,1851.42193840181,23.33247778073479,6.644961871842328,8.195396124128235,1046.98368659636,1370.59067820194,30.908503709125977,4.6345167836588015,6.0669765756360485,5495.13810312328,24.32445709850507,2121.63528515059,9.391506729009738,540.155224380549,2.3910195404388874,80.1793912814974,0.3549174064074074,37.815969408286,0.1673939595780886,8.56740245953551,0.03792396290352578,489.304924769967,2.165928576733952,city
2933,51678.0,VA,Lexington,9.07350635528564,434.15003270749,4684.809925818614,0.12884842878849245,6.165152409933117,5.67391347885132,83.1900577446795,1366.184813264394,0.08057247200868106,1.1813413482629864,1.13837598264217,17.1868076294049,1409.7654809542212,0.05088851062325302,0.7682971671615958,15.2758784724138,0.6828734229956995,1.86807489395142,89.1662513129413,4673.162553688284,0.026527618488375745,1.2662063520724411,1.06747138500214,127.443614736665,11838.831946901275,0.015158639378047997,1.8097644807819515,405.948621221818,5.764677949756006,12.3702144520357,0.17566336910019453,9.93712429795414,0.14111224507177134,5.21651979768649,0.07407724790807285,0.0,0.0,0.0,0.0,10.6146772317588,0.1507338431093269,city
2934,51680.0,VA,Lynchburg,19951.1305508659,12529.6931815017,-37.19807932910399,26.40155958986065,16.580686509503625,9395.35911265204,6535.61963629696,-30.437787870227105,12.43298633370215,8.648660327515563,1123.45249723936,1021.93702906538,-9.03602674999006,3.945260911783115,3.588766080437491,1050.20711099126,3.688042951928852,4116.89093763942,2632.30938903423,-36.06074513735923,5.447928935051106,3.483365166517878,2523.33750904883,1801.29701063911,-28.614503443175636,3.33916142950565,2.3836769672865628,6053.12242644386,8.010166242912158,5755.45191748651,7.616255448717062,330.882342875731,0.4378603944470292,266.718896238643,0.35295217054658456,44.2546676285856,0.058562708591712885,9.45042021945119,0.012505849327031537,400.694849042484,0.5302440835307062,city
2935,51683.0,VA,Manassas,2313.99014333263,2114.38078626874,-8.626197377678142,6.118268008071255,5.590494133599694,416.426463210955,365.625140518503,-12.199350228786221,1.1010456180718515,0.9667252069445624,15.9254789286642,10.3593530040234,-34.951073996414344,0.12712923228757245,0.08269620023966953,48.4738281711179,0.3869548029944752,657.281058620662,591.126635684341,-10.06486069675421,1.7378732942562651,1.5629587681032786,197.588742270134,143.962378559343,-27.140394282927094,0.5224313007856323,0.3806413858949869,1347.38641895237,3.562535149658576,210.66270878911,0.5569993093495942,617.036131933331,1.6314643503168371,131.622894132044,0.34801537276128075,16.8193096506875,0.04447082216410857,0.0,0.0,407.889484619722,1.0784735586571534,city
2936,51685.0,VA,Manassas Park,4918.66115466505,5320.76001325995,8.174965624813037,34.46129863844357,37.27849795600049,679.396220678464,1566.83387014084,130.62151693692908,4.760009953607959,10.977607161359492,56.4445556118735,91.1215539190453,61.43550592482166,1.2523753186570556,2.021778431751615,147.906928697601,3.2817157465631457,1411.90566640347,1558.86509060115,10.408586614148813,9.892143672692988,10.921776014861278,272.135923713446,317.58761469461,16.701834274927915,1.9066483830550407,2.2250936361984865,3056.17016944662,21.412248086923704,588.896755930968,4.125949386470735,1562.34859270323,10.946182251126112,627.392168262042,4.395657312842724,25.1746833799407,0.17637976164745112,5.37806989811361,0.03768002450860793,1017.74817656446,7.130583455226373,city
2937,51690.0,VA,Martinsville,3489.18768913049,3151.6165721764,-9.674776682426424,25.245551618048548,22.80310087675566,1476.86828824106,1399.05760201938,-5.268627327244736,10.685683295282976,10.122694465084873,161.343733379443,152.261915456213,-5.628863131530296,2.6519351311545534,2.5026613322848945,313.420794759044,5.151558099261077,755.634912089583,642.503907731872,-14.971648682148103,5.467295507485588,4.648751231689978,713.066686594539,712.346413948719,-0.1010105589506372,5.159298795995507,5.154087359443738,1852.61343705864,13.404337146795747,1146.68393227952,8.296678476807179,99.9047739436974,0.7228476517162101,40.9973250040493,0.29663067074777005,7.83408244233578,0.05668245743676855,0.975278802216053,0.007056499545735134,102.512523248839,0.7417156736042182,city
2938,51700.0,VA,Newport News,33746.3739976937,40758.5936214996,20.77917948839521,18.67339571251152,22.553574124192586,6353.98785333065,11426.2839016542,79.82854492969703,3.515948988944521,6.322679907289327,629.322363907432,809.418560169243,28.617479147507574,0.8905841219113437,1.145446847290336,1551.73980367376,2.1959410784469604,8306.12570440639,9743.90961420026,17.30992235081547,4.596155193646705,5.3917460887899225,4113.48360505173,4018.46731523286,-2.3098740372316304,2.276176608464926,2.223599795944456,23305.1964001805,12.89581969808404,13141.8286751188,7.2719684566198355,2946.96263633993,1.6306877729181384,1328.7694272756,0.7352682492021315,186.370764649966,0.10312737711583507,91.4221265099595,0.05058799933042984,2705.00618559627,1.496802320506571,city
2939,51710.0,VA,Norfolk,32044.9182978478,48194.111778034,50.39548963765282,13.197908715233257,19.849059434205508,10885.3760012203,20103.2631536184,84.68138492749111,4.483213140373183,8.27966011689246,1035.05229252334,1877.32754932381,81.37514045276869,1.196799783226386,2.170697287765289,2326.76632157801,2.6903698000555116,6271.75587530871,10328.5052198879,64.68283245127918,2.583063584596858,4.25386227513165,3344.10783444985,4376.75763076849,30.879679945743284,1.3772926341313123,1.8025961914673585,26164.0837441045,10.775848627943022,17485.9285946058,7.2016937989257945,2949.17081934991,1.214635247237435,1465.12274323411,0.6034203626949051,256.063734596548,0.10546152007864318,75.4901792521705,0.031091122948303976,2747.42266249745,1.1315439522977269,city
2940,51720.0,VA,Norton,488.304178176448,252.203284293413,-48.351192644868235,12.337144471360485,6.3719879811372655,264.64444999327,86.6716279238462,-67.24978440845811,6.6863175844686715,2.1897834240486658,6.30878491373733,5.31080450037734,-15.818900580790068,0.3605019950707046,0.3034745428787051,25.1231931913644,1.4356110395065371,146.035097475862,48.0701565109193,-67.08314826929548,3.689618430415917,1.2145062281687542,72.121734955319,52.8222298882902,-26.759623959386538,1.8221762242374688,1.3345687187541742,232.939609855413,5.885285746725948,6.82410761713982,0.17241302721424506,0.907336074858904,0.02292410497369641,7.22306781262159,0.18249287045532064,0.0,0.0,0.0,0.0,5.21650359034538,0.1317964525099894,city
2941,51730.0,VA,Petersburg,7215.74029815359,11993.2358465478,66.20936107715387,22.257064460683498,36.99332463463232,4122.75098916646,6657.85918410352,61.49069399531232,12.716690281204384,20.53627138835139,715.746316314434,1015.02813875669,41.813952181177385,5.2497162704593965,7.444830121436777,1639.6579521701,12.026242864677274,1695.67061223177,2781.67555158492,64.04574871553598,5.230322678074553,8.580121997485874,1043.01735585158,1597.16329151737,53.129119334102825,3.217203441861753,4.926475297709346,1254.92321068111,3.870830384580845,10233.5208154555,31.56545593909778,398.028750363446,1.2277259418983528,51.6506996634707,0.15931739563069308,30.4625457129005,0.09396220145866904,1.34082725644112,0.004135802765086737,421.337731400316,1.2996228605808635,city
2942,51735.0,VA,Poquoson,5211.71628727205,5211.71628727205,0.0,42.89478425738313,42.89478425738313,493.282783269184,609.336869479681,23.526887648776178,4.059940603038552,5.015118267322478,48.1732699040876,32.6798333200422,-32.161895206392764,1.0646026498140904,0.7222062612164022,52.2105098820321,1.1538234228073392,1334.96148639242,1334.96148639242,0.0,10.987337336563128,10.987337336563128,725.466781802068,725.466781802068,0.0,5.970920014831837,5.970920014831837,4986.91235855315,41.04454616093128,26.992222030327,0.22215820601092184,96.6736599200522,0.7956679828810881,101.550386773248,0.8358056524547159,10.7050022147014,0.08810701411276874,1.8345570077654,0.015099234631813991,83.7217806465342,0.6890681534694173,city
2943,51740.0,VA,Portsmouth,14239.7766678607,16355.9966858055,14.86132870834362,14.905298234009214,17.120423599524255,3241.58948841396,3762.88324553306,16.081424220503546,3.3930910016370546,3.9387483597980415,257.222439850559,387.084000193177,50.486093055514495,0.6891609684132435,1.0370914162286384,717.008777689051,1.9210394858242716,3012.13372684488,3725.40131754009,23.679811568071926,3.1529112124822114,3.8995146465066095,2492.10872918999,2526.76344970139,1.390578192094534,2.6085819115402624,2.6448562827250637,6490.72139241264,6.794076927212687,9027.70851807629,9.449634707778603,433.367712246035,0.4536219314869263,210.146822321951,0.21996841191390687,62.9197706102536,0.06586043922149327,7.98927510913927,0.008362668246338273,556.510958386752,0.5825204986515434,city
2944,51750.0,VA,Radford,2599.9455349436,2599.9455349436,0.0,15.845596873132616,15.845596873132616,1076.48820719949,1170.3547576745,8.719700768409348,6.560752116037848,7.1328300687134325,103.862207072147,105.830137603225,1.8947513119098174,1.7339266623062937,1.7667802604878966,131.392603148692,2.1935326068229046,520.97956093133,520.97956093133,0.0,3.175155783345502,3.175155783345502,263.089378729695,263.089378729695,0.0,1.603421372072739,1.603421372072739,2136.06706000236,13.018448683583374,334.629847104719,2.039431052564109,49.2068369917106,0.2998953985355351,29.1216199230403,0.17748427549390725,6.79935187567025,0.04143924838901907,0.0,0.0,93.3276667892933,0.5687936786280674,city
2945,51760.0,VA,Richmond,41568.9649889677,43858.2484465766,5.507193788001387,20.35559020878476,21.476612008273968,16073.499668117,15999.3506711679,-0.4613120880960329,7.870909765303552,7.834600307113077,3039.24627056404,2819.12065949466,-7.2427698012286506,3.4873337891292584,3.234754230582162,2901.50547607977,3.329285350804661,8193.94789296359,8305.9991426358,1.367487945199437,4.012432004154264,4.0673015281203995,5662.83688480925,6216.66547590682,9.780055515694508,2.7729915112623282,3.0441916205092787,17826.905277346,8.729521618177989,22678.5040972974,11.10526413335883,2821.08640538005,1.381436339026732,571.265870078063,0.27973883772810043,165.549961830739,0.08106690130487577,47.7602846239461,0.02338737041728094,2568.26296375991,1.2576331513803705,city
2946,51770.0,VA,Roanoke,23016.6385606332,17852.413592084,-22.436920816847238,23.720667986471682,18.3984804931198,10400.3290314584,7516.34041842208,-27.729782435853455,10.718452707826692,7.746249091456509,961.244729405455,885.953733367997,-7.832656318857188,2.250526150509119,2.074250171773733,1527.65042241354,3.5766305076173905,5162.57537652653,3808.52669883187,-26.22816286327402,5.320487443860302,3.9250213319645786,2545.54921810734,2201.61295358658,-13.51127929777303,2.6234120889060724,2.268955554442431,11791.0365848792,12.15169901154176,4929.771411823,5.0805625070317015,762.070680221394,0.7853807818259892,239.608028714326,0.2469371225104357,55.2343780141746,0.05692387873503031,22.3285699263215,0.02301155281383616,814.43463714616,0.8393464394696182,city
2947,51775.0,VA,Salem,12139.6615293294,10430.9775141995,-14.075219568533463,48.946300819810496,42.057001508747284,2756.55919225992,2874.22905088184,4.268722360554508,11.114261721876948,11.588698697209256,286.122816630034,183.213862861519,-35.966706528539305,2.848410319860965,1.823930939387944,368.752118896836,3.6710016814020503,2322.66276590477,1939.49711034872,-16.49682688251953,9.364820441515883,7.819922225420209,1712.63450729143,1404.89538818653,-17.968756193730815,6.905227430414604,5.6644439488207805,9410.06966627754,37.940769560025565,576.653254306817,2.32502723291193,219.463372792539,0.8848615950025763,162.675387616036,0.655896248754278,28.2088496211072,0.11373618910211755,0.0,0.0,253.370357026535,1.0215722805682403,city
2948,51790.0,VA,Staunton,1827.20851709298,1352.61884872452,-25.973481621217175,7.694805512898932,5.696196617217722,544.229559806437,358.382090519499,-34.148727487907365,2.29187888404968,1.5092314095826624,77.6725603528155,91.0037278684354,17.163290942213262,0.7411503850459493,0.8683561819507196,37.1034108457611,0.35404017982596464,346.065627029428,251.618508877204,-27.29167844924183,1.4573638803563886,1.0596248162941295,455.843484005327,370.300827450123,-18.765795619929136,1.9196642971672155,1.559424018572067,1244.03568966998,5.2389273547965125,66.8839877395026,0.2816642286679971,14.5755613313206,0.061381122426179574,12.442856222915,0.052399798799439914,3.12970255370351,0.013179914738075928,0.40604430437088,0.0017099482202092146,25.7205774095441,0.10831541063566116,city
2949,51800.0,VA,Suffolk,16355.8905206887,18259.1426132076,11.636493226164989,19.336632406087013,21.586738326189753,2349.33745304972,4847.34678554787,106.32824710879387,2.7774870876038538,5.7307404215261215,381.831102937822,688.563809908196,80.33203806875915,1.2369803775360309,2.230671925321356,1030.27067054217,3.337665772133504,4483.60448910649,4899.96624335902,9.286317632702344,5.300708741628529,5.792949392160572,1590.31196106422,1995.16527676296,25.45747787923424,1.880134729637903,2.3587696125352724,8770.16227582136,10.368460454952249,8551.11735548625,10.109496193753326,510.679440989506,0.603747048518657,330.12149750999,0.3902837353076669,65.7127460375979,0.07768841524809117,13.8669960940315,0.016394155103187917,528.161656530868,0.6244152704745144,city
2950,51810.0,VA,Virginia Beach,78719.8270819431,71829.1148431221,-8.753464653381718,17.97280946358697,16.399565939972238,11438.0608705976,11452.2329241913,0.12390258938147916,2.6114651960067032,2.6147008690053517,680.45668942905,610.433885364614,-10.290560024208155,0.4121756685357898,0.3697604839599331,856.26302613344,0.5186675224475525,19897.0690877681,18346.6355990842,-7.7922707200983945,4.5427720671443215,4.1887869694754265,8223.91145025389,7234.04169243662,-12.036483658718273,1.8776310749128733,1.6516303174099694,55277.3543033799,12.620573410453089,8638.80273543051,1.972356410231764,3845.53070121977,0.8779870731607671,4148.69237651238,0.9472030156834066,245.446976903966,0.0560388902368448,100.909644502581,0.023039047224980482,3417.90872349904,0.7803551472164094,city
2951,51820.0,VA,Waynesboro,3256.44518818223,2565.4139511942,-21.220416652360992,15.502452576322145,12.212767548291914,1148.6702997215,748.550020877025,-34.83334416685849,5.4682961997595925,3.5635057644340895,96.5584221661731,122.21846353297,26.574627868956913,1.08456050956052,1.3727784289898912,159.336767370305,1.7896974881534875,791.319491542239,645.301294973007,-18.452495879338247,3.767111737323808,3.0719855992240643,506.386769433331,371.458760921203,-26.645247596638104,2.4106768039290247,1.7683460007674139,2127.18721165782,10.126569607054273,281.138424246095,1.338372009169261,165.275604281836,0.7868018865173569,4.61619092780165,0.02197558282301081,6.90779056716747,0.03288484512599957,0.0,0.0,145.564329601377,0.6929654841539418,city
2952,51830.0,VA,Williamsburg,822.217411331832,2213.34505080618,169.19218935305597,5.844593484019277,15.733189158417545,110.81767104051,556.162646013923,401.8718050938055,0.7877286824033979,3.953388157619584,14.7186526159057,57.3260475738753,289.4789086327505,0.3220007135398316,1.254124864884605,32.2860711196045,0.7063240236185627,37.9486529346541,205.43984717517,441.3626869152071,0.2697515846933046,1.4603344268920244,169.487503876211,504.669959866209,197.76234136695177,1.2047732717956428,3.587361102261935,1870.90853421367,13.299037064356485,143.733774528626,1.0217072400385698,96.1684872462283,0.6835974356427943,113.848487173906,0.8092727265702729,2.55596472905017,0.018168643226117217,1.43522294983268,0.010202039734380722,80.8630599729186,0.5748013930403654,city
2953,51840.0,VA,Winchester,6500.80821048288,4313.93888396228,-33.639960689721065,24.809404306693434,16.463530450567795,2009.57434879945,800.127910492418,-60.184209607849226,7.669252943553983,3.053573676649308,159.436202315051,177.617475252955,11.403478428304021,1.5031224881215328,1.6745307368054585,74.3709601115997,0.7011498077835364,1311.86377070677,901.909684169543,-31.249745262525487,5.006540360671566,3.442009251496176,1109.19432159412,841.656835399015,-24.119983395750133,4.233081408976529,3.2120628760028054,3737.646290184,14.264192230599546,248.740965116769,0.9492842999533222,226.091191980522,0.8628446818323169,85.6463278415758,0.3268569547058573,10.1362693589181,0.03868362156592031,2.00774431228638,0.0076622688710696486,229.76131993439,0.8768511999938557,city
