Month,Locality,FIPS,Households PA,Households NPA,Households Total,Persons PA,Persons NPA,Persons Total,Issuance Amount PA,Issuance Amount NPA,Issuance Amount Total,PA Avg# Per Household,NPA Avg# Per Household,All SNAP Avg# Per Household
07/01/2005 12:00:00 AM,Statewide,51999,"64,573","151,662","216,235","116,478","374,898","491,376","9,338,597","32,710,103","42,048,700",144.6208,215.6776,194.4583
08/01/2005 12:00:00 AM,Statewide,51999,"64,758","153,470","218,228","116,527","378,717","495,244","9,362,966","32,964,708","42,327,674",144.5839,214.7958,193.9608
09/01/2005 12:00:00 AM,Statewide,51999,"65,049","156,110","221,159","117,114","384,379","501,493","9,500,202","33,503,184","43,003,386",146.0469,214.6127,194.4456
10/01/2005 12:00:00 AM,Statewide,51999,"65,525","157,529","223,054","118,237","386,804","505,041","9,813,394","34,327,625","44,141,019",149.7656,217.9131,197.8939
11/01/2005 12:00:00 AM,Statewide,51999,"65,514","159,283","224,797","117,949","390,338","508,287","9,777,119","34,601,891","44,379,010",149.2371,217.2353,197.4182
12/01/2005 12:00:00 AM,Statewide,51999,"65,557","160,311","225,868","118,010","392,366","510,376","9,744,719","34,610,877","44,355,596",148.645,215.8983,196.3784
01/01/2006 12:00:00 AM,Statewide,51999,"65,259","159,909","225,168","117,059","391,054","508,113","9,317,549","33,919,166","43,236,715",142.778,212.1154,192.0198
02/01/2006 12:00:00 AM,Statewide,51999,"64,895","159,817","224,712","116,211","389,928","506,139","9,496,493","34,581,572","44,078,065",146.3363,216.3823,196.1536
03/01/2006 12:00:00 AM,Statewide,51999,"64,857","160,356","225,213","115,949","390,563","506,512","9,451,113","34,600,839","44,051,952",145.7223,215.7751,195.6013
04/01/2006 12:00:00 AM,Statewide,51999,"64,424","159,019","223,443","114,832","387,762","502,594","9,340,381","34,470,411","43,810,792",144.9829,216.7691,196.0714
05/01/2006 12:00:00 AM,Statewide,51999,"64,445","159,782","224,227","114,721","389,700","504,421","9,334,823","34,604,151","43,938,974",144.8495,216.571,195.9576
06/01/2006 12:00:00 AM,Statewide,51999,"64,468","160,827","225,295","114,835","391,898","506,733","9,319,397","34,688,416","44,007,813",144.5585,215.6878,195.3342
07/01/2006 12:00:00 AM,Statewide,51999,"64,041","160,215","224,256","113,612","391,177","504,789","9,198,639","34,681,797","43,880,436",143.6367,216.4703,195.6712
08/01/2006 12:00:00 AM,Statewide,51999,"63,966","162,488","226,454","113,012","396,149","509,161","9,151,332","35,255,254","44,406,586",143.0656,216.9714,196.0954
09/01/2006 12:00:00 AM,Statewide,51999,"63,778","161,845","225,623","112,515","395,188","507,703","9,116,174","35,126,876","44,243,050",142.936,217.0402,196.0928
10/01/2006 12:00:00 AM,Statewide,51999,"63,712","163,804","227,516","111,895","399,923","511,818","9,536,734","36,873,911","46,410,645",149.6851,225.11,203.9885
11/01/2006 12:00:00 AM,Statewide,51999,"63,551","165,141","228,692","111,530","403,475","515,005","9,487,231","37,192,695","46,679,926",149.2853,225.2178,204.117
12/01/2006 12:00:00 AM,Statewide,51999,"63,305","164,986","228,291","110,768","403,115","513,883","9,376,079","37,059,698","46,435,777",148.1096,224.6233,203.4061
01/01/2007 12:00:00 AM,Statewide,51999,"63,776","165,257","229,033","111,103","402,469","513,572","8,995,920","36,383,637","45,379,557",141.0549,220.164,198.1355
02/01/2007 12:00:00 AM,Statewide,51999,"63,700","164,890","228,590","110,302","401,442","511,744","8,985,017","36,815,089","45,800,106",141.0521,223.2706,200.3592
03/01/2007 12:00:00 AM,Statewide,51999,"63,480","165,698","229,178","109,458","403,414","512,872","8,891,156","37,013,688","45,904,844",140.0623,223.3804,200.3021
04/01/2007 12:00:00 AM,Statewide,51999,"63,307","164,935","228,242","108,299","401,932","510,231","8,774,098","36,987,329","45,761,427",138.596,224.254,200.4952
05/01/2007 12:00:00 AM,Statewide,51999,"64,008","166,164","230,172","108,639","404,925","513,564","8,766,979","37,244,849","46,011,828",136.9669,224.1451,199.9019
06/01/2007 12:00:00 AM,Statewide,51999,"64,686","166,662","231,348","109,407","405,872","515,279","8,830,774","37,228,502","46,059,276",136.5175,223.3773,199.0909
07/01/2007 12:00:00 AM,Statewide,51999,"64,932","167,407","232,339","109,202","407,899","517,101","8,825,916","37,311,276","46,137,192",135.9255,222.8776,198.577
08/01/2007 12:00:00 AM,Statewide,51999,"64,970","170,189","235,159","108,958","414,367","523,325","8,794,019","37,938,661","46,732,680",135.3551,222.9208,198.728
09/01/2007 12:00:00 AM,Statewide,51999,"64,786","169,822","234,608","108,389","413,585","521,974","8,749,245","37,924,412","46,673,657",135.0484,223.3186,198.9432
10/01/2007 12:00:00 AM,Statewide,51999,"64,844","172,679","237,523","108,178","419,728","527,906","9,081,988","40,385,034","49,467,022",140.059,233.8735,208.262
11/01/2007 12:00:00 AM,Statewide,51999,"65,165","174,479","239,644","108,710","423,789","532,499","9,172,917","40,677,349","49,850,266",140.7645,233.1361,208.018
12/01/2007 12:00:00 AM,Statewide,51999,"65,349","175,076","240,425","109,004","425,289","534,293","9,181,575","40,816,315","49,997,890",140.5006,233.1348,207.9563
01/01/2008 12:00:00 AM,Statewide,51999,"65,366","176,783","242,149","108,868","428,091","536,959","8,944,496","40,473,382","49,417,878",136.8371,228.9439,204.0805
02/01/2008 12:00:00 AM,Statewide,51999,"65,256","178,024","243,280","108,714","430,678","539,392","9,043,776","41,307,906","50,351,682",138.5892,232.0356,206.9701
03/01/2008 12:00:00 AM,Statewide,51999,"65,279","178,946","244,225","108,476","432,422","540,898","9,017,323","41,523,948","50,541,271",138.1351,232.0474,206.9455
04/01/2008 12:00:00 AM,Statewide,51999,"65,289","180,317","245,606","108,539","435,463","544,002","9,008,589","41,968,679","50,977,268",137.9802,232.7494,207.5571
05/01/2008 12:00:00 AM,Statewide,51999,"65,531","181,128","246,659","108,828","437,947","546,775","9,061,411","42,307,182","51,368,593",138.2767,233.5762,208.2575
06/01/2008 12:00:00 AM,Statewide,51999,"65,617","182,625","248,242","108,810","441,579","550,389","9,064,292","42,618,306","51,682,598",138.1394,233.3651,208.1944
07/01/2008 12:00:00 AM,Statewide,51999,"65,546","184,796","250,342","108,384","447,750","556,134","9,028,400","43,203,027","52,231,427",137.7414,233.7877,208.6403
08/01/2008 12:00:00 AM,Statewide,51999,"65,805","187,335","253,140","109,007","453,774","562,781","9,143,604","43,955,632","53,099,236",138.95,234.6365,209.7623
09/01/2008 12:00:00 AM,Statewide,51999,"66,021","189,844","255,865","109,230","459,696","568,926","9,176,936","44,414,717","53,591,653",139.0003,233.9538,209.4528
10/01/2008 12:00:00 AM,Statewide,51999,"66,739","195,253","261,992","110,819","471,675","582,494","11,045,264","51,678,468","62,723,732",165.4994,264.6744,239.4109
11/01/2008 12:00:00 AM,Statewide,51999,"67,728","199,651","267,379","113,303","480,275","593,578","11,415,409","52,806,873","64,222,282",168.5479,264.4959,240.1919
12/01/2008 12:00:00 AM,Statewide,51999,"68,503","205,719","274,222","115,263","492,859","608,122","11,623,937","54,243,597","65,867,534",169.6851,263.6781,240.1978
01/01/2009 12:00:00 AM,Statewide,51999,"69,426","208,824","278,250","117,704","498,940","616,644","11,328,876","53,775,132","65,104,008",163.1792,257.5141,233.9767
02/01/2009 12:00:00 AM,Statewide,51999,"69,918","213,941","283,859","118,750","509,289","628,039","11,581,353","55,768,352","67,349,705",165.6419,260.6716,237.2646
03/01/2009 12:00:00 AM,Statewide,51999,"70,276","219,547","289,823","119,553","520,642","640,195","11,685,817","57,065,921","68,751,738",166.2846,259.9258,237.2197
04/01/2009 12:00:00 AM,Statewide,51999,"71,153","227,134","298,287","120,899","536,316","657,215","14,211,506","69,559,337","83,770,843",199.7316,306.248,280.8397
05/01/2009 12:00:00 AM,Statewide,51999,"71,746","232,915","304,661","122,442","547,843","670,285","14,460,923","71,432,147","85,893,070",201.5572,306.6876,281.93
06/01/2009 12:00:00 AM,Statewide,51999,"72,340","239,866","312,206","123,803","561,509","685,312","14,628,558","73,021,816","87,650,374",202.2195,304.4275,280.7453
07/01/2009 12:00:00 AM,Statewide,51999,"73,165","246,112","319,277","125,581","574,405","699,986","14,918,858","74,584,321","89,503,179",203.907,303.0503,280.3308
08/01/2009 12:00:00 AM,Statewide,51999,"74,022","251,974","325,996","127,484","585,465","712,949","15,204,964","76,045,433","91,250,397",205.4114,301.7987,279.9126
09/01/2009 12:00:00 AM,Statewide,51999,"74,862","258,075","332,937","129,289","596,595","725,884","15,504,432","77,455,072","92,959,504",207.1068,300.1262,279.2105
10/01/2009 12:00:00 AM,Statewide,51999,"75,791","264,858","340,649","131,174","610,219","741,393","15,814,242","79,152,806","94,967,048",208.6559,298.85,278.7827
11/01/2009 12:00:00 AM,Statewide,51999,"76,400","270,291","346,691","132,685","620,350","753,035","16,135,337","80,925,827","97,061,164",211.1955,299.4026,279.9645
12/01/2009 12:00:00 AM,Statewide,51999,"76,763","275,148","351,911","133,483","629,680","763,163","16,175,866","82,164,265","98,340,131",210.7248,298.6184,279.446
01/01/2010 12:00:00 AM,Statewide,51999,"77,191","279,261","356,452","134,721","636,636","771,357","16,292,625","82,462,728","98,755,353",211.069,295.2891,277.0509
02/01/2010 12:00:00 AM,Statewide,51999,"77,073","281,898","358,971","134,307","640,671","774,978","16,279,509","83,706,364","99,985,873",211.2219,296.9385,278.5347
03/01/2010 12:00:00 AM,Statewide,51999,"77,108","287,079","364,187","133,699","650,824","784,523","16,176,774","85,010,270","101,187,044",209.7937,296.1215,277.8436
04/01/2010 12:00:00 AM,Statewide,51999,"77,087","289,845","366,932","133,513","656,850","790,363","16,139,630","85,826,207","101,965,837",209.369,296.1107,277.8876
05/01/2010 12:00:00 AM,Statewide,51999,"77,423","291,952","369,375","134,097","660,637","794,734","16,182,119","86,473,883","102,656,002",209.0092,296.1921,277.9181
06/01/2010 12:00:00 AM,Statewide,51999,"77,696","296,114","373,810","134,262","668,114","802,376","16,133,599","87,288,516","103,422,115",207.6503,294.7801,276.6703
07/01/2010 12:00:00 AM,Statewide,51999,,"300,483","378,334","134,516","676,653","811,169","16,172,259","88,531,058","104,703,317",207.7335,294.6292,276.7484
08/01/2010 12:00:00 AM,Statewide,51999,"78,348","305,180","383,528","135,308","685,241","820,549","16,307,777","90,124,969","106,432,746",208.1454,295.3174,277.5097
09/01/2010 12:00:00 AM,Statewide,51999,"78,761","308,300","387,061","135,921","690,356","826,277","16,376,250","90,563,331","106,939,581",207.9233,293.7507,276.2861
10/01/2010 12:00:00 AM,Statewide,51999,"79,220","310,403","389,623","136,612","693,328","829,940","16,485,110","90,790,322","107,275,432",208.0928,292.4918,275.3314
11/01/2010 12:00:00 AM,Statewide,51999,"79,691","314,226","393,917","137,351","699,654","837,005","16,556,877","91,631,479","108,188,356",207.7634,291.6101,274.6476
12/01/2010 12:00:00 AM,Statewide,51999,"79,776","315,471","395,247","137,635","701,837","839,472","16,577,665","91,824,570","108,402,235",207.8027,291.0714,274.2645
01/01/2011 12:00:00 AM,Statewide,51999,"79,860","317,648","397,508","137,659","704,566","842,225","16,571,292","91,747,114","108,318,406",207.5043,288.8327,272.4937
02/01/2011 12:00:00 AM,Statewide,51999,"79,708","320,116","399,824","136,782","708,611","845,393","16,499,380","93,277,023","109,776,403",206.9978,291.3851,274.5618
03/01/2011 12:00:00 AM,Statewide,51999,"79,569","324,672","404,241","135,404","717,339","852,743","16,271,673","94,068,483","110,340,156",204.4976,289.7339,272.9564
04/01/2011 12:00:00 AM,Statewide,51999,"79,559","326,641","406,200","134,721","722,024","856,745","16,147,636","94,783,308","110,930,944",202.9643,290.1758,273.0944
05/01/2011 12:00:00 AM,Statewide,51999,"79,517","329,761","409,278","134,143","728,093","862,236","16,070,072","95,746,892","111,816,964",202.0961,290.3524,273.2054
06/01/2011 12:00:00 AM,Statewide,51999,"79,754","334,844","414,598","133,879","737,944","871,823","15,939,167","96,909,532","112,848,699",199.8541,289.417,272.1882
07/01/2011 12:00:00 AM,Statewide,51000,"79,688","337,061","416,749","133,255","743,267","876,522","15,887,125","97,546,314","113,433,439",199.3666,289.4026,272.1865
08/01/2011 12:00:00 AM,Statewide,51999,"79,992","342,622","422,614","133,279","753,446","886,725","15,884,168","99,027,046","114,911,214",198.572,289.0271,271.9058
09/01/2011 12:00:00 AM,Statewide,51999,"81,040","350,895","431,935","135,714","768,843","904,557","17,042,484","105,355,014","122,397,498",210.2972,300.2466,283.3702
10/01/2011 12:00:00 AM,Statewide,51999,"81,214","347,449","428,663","136,078","760,342","896,420","16,109,487","99,332,355","115,441,842",198.3585,285.8905,269.3068
11/01/2011 12:00:00 AM,Statewide,51999,"81,781","350,723","432,504","137,041","765,762","902,803","16,232,422","100,377,395","116,609,817",198.4865,286.2013,269.6156
12/01/2011 12:00:00 AM,Statewide,51999,"82,255","353,723","435,978","138,187","770,340","908,527","16,353,796","100,904,074","117,257,870",198.8183,285.263,268.9536
01/01/2012 12:00:00 AM,Statewide,51999,"82,496","355,712","438,208","138,435","772,977","911,412","15,835,076","99,890,296","115,725,372",191.9496,280.8179,264.0878
02/01/2012 12:00:00 AM,Statewide,51999,"82,534","357,432","439,966","138,442","776,003","914,445","15,894,208","101,195,867","117,090,075",192.5777,283.1192,266.1344
03/01/2012 12:00:00 AM,Statewide,51999,"82,216","358,227","440,443","137,199","777,510","914,709","15,694,397","101,283,752","116,978,149",190.8922,282.7362,265.592
04/01/2012 12:00:00 AM,Statewide,51999,"81,854","357,897","439,751","136,054","776,872","912,926","15,508,902","101,355,551","116,864,453",189.4703,283.1975,265.7514
05/01/2012 12:00:00 AM,Statewide,51999,"81,931","359,017","440,948","135,745","778,491","914,236","15,441,565","101,624,122","117,065,687",188.4704,283.0621,265.4864
06/01/2012 12:00:00 AM,Statewide,51999,"82,031","360,889","442,920","135,577","782,239","917,816","15,394,772","102,126,575","117,521,347",187.6702,282.9861,265.3331
07/01/2012 12:00:00 AM,Statewide,51999,"82,172","361,796","443,968","135,442","784,467","919,909","15,637,933","103,528,525","119,166,458",190.3073,286.1517,268.4123
08/01/2012 12:00:00 AM,Statewide,51999,"82,210","365,703","447,913","134,884","791,988","926,872","15,367,121","103,598,539","118,965,660",186.9252,283.286,265.5999
09/01/2012 12:00:00 AM,Statewide,51999,"82,379","365,447","447,826","135,050","791,407","926,457","15,442,259","103,657,677","119,099,936",187.4538,283.6463,265.9514
10/01/2012 12:00:00 AM,Statewide,51999,"82,627","369,238","451,865","135,083","798,379","933,462","15,524,843","104,712,604","120,237,447",187.8907,283.5911,266.0915
11/01/2012 12:00:00 AM,Statewide,51999,"83,048","370,713","453,761","136,246","800,978","937,224","15,711,251","105,035,254","120,746,505",189.1828,283.3331,266.1015
12/01/2012 12:00:00 AM,Statewide,51999,"82,897","370,316","453,213","135,834","800,503","936,337","15,593,979","104,783,369","120,377,348",188.1127,282.9566,265.6088
01/01/2013 12:00:00 AM,Statewide,51999,"82,933","372,140","455,073","135,590","802,799","938,389","15,281,252","104,053,652","119,334,904",184.2602,279.6089,262.2324
02/01/2013 12:00:00 AM,Statewide,51999,"82,775","373,619","456,394","135,184","805,528","940,712","15,306,904","105,266,992","120,573,896",184.9218,281.7496,264.1882
03/01/2013 12:00:00 AM,Statewide,51999,"82,381","373,801","456,182","134,143","805,418","939,561","15,175,086","105,357,429","120,532,515",184.2061,281.8543,264.2202
04/01/2013 12:00:00 AM,Statewide,51999,"82,083","374,457","456,540","132,953","806,822","939,775","14,977,186","105,501,851","120,479,037",182.4639,281.7462,263.8959
05/01/2013 12:00:00 AM,Statewide,51999,"81,912","375,893","457,805","132,205","810,443","942,648","14,873,717","105,940,845","120,814,562",181.5817,281.8378,263.8996
06/01/2013 12:00:00 AM,Statewide,51999,"81,794","376,596","458,390","131,728","812,649","944,377","14,831,950","106,411,185","121,243,135",181.333,282.5606,264.4978
07/01/2013 12:00:00 AM,Statewide,51999,"81,488","377,118","458,606","130,550","814,107","944,657","14,592,770","106,131,792","120,724,562",179.0788,281.4286,263.2424
08/01/2013 12:00:00 AM,Statewide,51999,"81,335","378,696","460,031","129,709","817,736","947,445","14,496,807","106,645,225","121,142,032",178.2358,281.6117,263.3345
09/01/2013 12:00:00 AM,Statewide,51999,"81,220","378,783","460,003","129,322","817,277","946,599","14,438,144","106,490,483","120,928,627",177.7659,281.1385,262.8866
10/01/2013 12:00:00 AM,Statewide,51999,"80,986","378,394","459,380","128,707","816,360","945,067","14,437,122","106,464,846","120,901,968",178.2669,281.3598,263.1851
11/01/2013 12:00:00 AM,Statewide,51999,"80,187","376,440","456,627","126,329","813,736","940,065","12,946,707","98,472,272","111,418,979",161.4564,261.5882,244.0044
12/01/2013 12:00:00 AM,Statewide,51999,"80,131","374,104","454,235","126,442","809,200","935,642","12,907,153","97,677,887","110,585,040",161.0757,261.0982,243.4534
01/01/2014 12:00:00 AM,Statewide,51999,"79,878","371,547","451,425","126,210","804,054","930,264","12,643,302","96,200,623","108,843,925",158.2827,258.9191,241.1119
02/01/2014 12:00:00 AM,Statewide,51999,"79,481","369,926","449,407","125,613","801,091","926,704","12,654,516","96,812,145","109,466,661",159.2144,261.7068,243.5802
03/01/2014 12:00:00 AM,Statewide,51999,"78,883","368,279","447,162","124,259","797,806","922,065","12,523,501","96,417,794","108,941,295",158.7605,261.8064,243.6282
04/01/2014 12:00:00 AM,Statewide,51999,"78,413","366,327","444,740","122,920","795,932","918,852","12,350,822","96,523,947","108,874,769",157.5099,263.4912,244.8054
05/01/2014 12:00:00 AM,Statewide,51999,"78,152","362,815","440,967","122,200","791,472","913,672","12,262,172","95,762,725","108,024,897",156.9016,263.9437,244.9727
06/01/2014 12:00:00 AM,Statewide,51999,"77,910","359,191","437,101","121,270","787,100","908,370","12,127,944","95,004,922","107,132,866",155.6661,264.4969,245.0987
07/01/2014 12:00:00 AM,Statewide,51999,"77,683","354,089","431,772","120,585","780,913","901,498","12,041,992","93,736,864","105,778,856",155.0145,264.7268,244.9878
08/01/2014 12:00:00 AM,Statewide,51999,"77,547","349,891","427,438","120,047","775,782","895,829","12,025,981","92,963,978","104,989,959",155.0799,265.6941,245.6262
09/01/2014 12:00:00 AM,Statewide,51999,"77,630","345,395","423,025","120,340","768,457","888,797","12,061,113","91,689,789","103,750,902",155.3666,265.4636,245.2595
10/01/2014 12:00:00 AM,Statewide,51999,"77,679","341,637","419,316","120,153","764,780","884,933","12,785,718","94,727,633","107,513,351",164.5968,277.2757,256.4017
11/01/2014 12:00:00 AM,Statewide,51999,"77,486","338,319","415,805","119,544","759,631","879,175","12,709,080","93,778,949","106,488,029",164.0178,277.1909,256.1009
12/01/2014 12:00:00 AM,Statewide,51999,"77,587","336,280","413,867","119,582","756,648","876,230","12,705,076","93,043,951","105,749,027",163.7526,276.6859,255.5145
01/01/2015 12:00:00 AM,Statewide,51999,"77,598","331,092","408,690","118,967","748,330","867,297","12,349,078","90,664,178","103,013,256",159.1417,273.8338,252.0572
02/01/2015 12:00:00 AM,Statewide,51999,"76,567","325,301","401,868","117,388","739,112","856,500","12,236,697","90,320,250","102,556,947",159.8169,277.6513,255.2006
03/01/2015 12:00:00 AM,Statewide,51999,"76,109","325,030","401,139","116,033","739,167","855,200","12,065,461","90,010,952","102,076,413",158.5287,276.9312,254.4664
04/01/2015 12:00:00 AM,Statewide,51999,"75,598","324,869","400,467","114,269","740,037","854,306","11,842,209","90,213,117","102,055,326",156.6471,277.6908,254.8408
05/01/2015 12:00:00 AM,Statewide,51999,"75,354","323,369","398,723","113,509","738,226","851,735","11,732,705","89,960,425","101,693,130",155.7012,278.1974,255.0471
06/01/2015 12:00:00 AM,Statewide,51999,"75,225","323,880","399,105","112,911","738,949","851,860","11,644,822","89,978,380","101,623,202",154.7999,277.8139,254.6277
07/01/2015 12:00:00 AM,Statewide,51999,"75,134","322,858","397,992","111,959","738,052","850,011","11,498,068","89,714,530","101,212,598",153.0342,277.8761,254.3081
08/01/2015 12:00:00 AM,Statewide,51999,"75,134","322,858","397,992","111,959","738,052","850,011","11,498,068","89,714,530","101,212,598",153.0342,277.8761,254.3081
09/01/2015 12:00:00 AM,Statewide,51999,"75,187","321,837","397,024","112,251","734,812","847,063","11,550,429","89,250,041","100,800,470",153.6227,277.3144,253.8901
10/01/2015 12:00:00 AM,Statewide,51999,"75,131","320,582","395,713","111,917","732,287","844,204","11,515,930","88,793,373","100,309,303",153.278,276.9755,253.49
11/01/2015 12:00:00 AM,Statewide,51999,"75,126","319,941","395,067","112,017","730,940","842,957","11,526,843","88,599,528","100,126,371",153.4335,276.9246,253.4415
12/01/2015 12:00:00 AM,Statewide,51999,"74,980","318,856","393,836","111,597","728,555","840,152","11,441,630","88,037,994","99,479,624",152.5958,276.1058,252.5915
01/01/2016 12:00:00 AM,Statewide,51999,"74,684","315,275","389,959","111,225","720,758","831,983","11,365,520","86,680,633","98,046,153",152.1815,274.9366,251.4268
02/01/2016 12:00:00 AM,Statewide,51999,"74,367","315,066","389,433","110,244","719,478","829,722","11,271,707","87,184,741","98,456,448",151.5687,276.719,252.82
03/01/2016 12:00:00 AM,Statewide,51999,"74,110","314,518","388,628","109,296","718,187","827,483","11,147,460","86,802,782","97,950,242",150.4178,275.9867,252.0411
04/01/2016 12:00:00 AM,Statewide,51999,"73,829","312,168","385,997","108,319","713,853","822,172","10,999,166","86,211,767","97,210,933",148.9816,276.1711,251.8438
05/01/2016 12:00:00 AM,Statewide,51999,"73,503","309,440","382,943","107,841","708,958","816,799","10,958,879","85,655,591","96,614,470",149.0943,276.8084,312.2236
06/01/2016 12:00:00 AM,Statewide,51999,"73,300","310,399","383,699","107,268","710,677","817,945","10,942,030","86,447,931","97,389,961",149.2774,278.5058,253.8186
07/01/2016 12:00:00 AM,Statewide,51999,"73,264","308,499","381,763","107,222","706,504","813,726","10,868,301","85,711,570.6","96,579,871.6",148.3444,277.8342,252.9838
08/01/2016 12:00:00 AM,Statewide,51999,"73,253","309,207","382,460","107,094","708,043","815,137","10,869,404","85,957,987.7","96,827,391.7",148.3817,277.995,253.17
09/01/2016 12:00:00 AM,Statewide,51999,"73,127","308,281","381,408","106,685","706,070","812,755","10,844,667","85,277,157","96,121,824",148.2991,276.6215,252.0184
10/01/2016 12:00:00 AM,Statewide,51999,"72,927","306,571","379,498","106,033","701,678","807,711","10,834,149","85,698,980","96,533,129",148.5616,279.5404,254.3706
11/01/2016 12:00:00 AM,Statewide,51999,"72,553","303,903","376,456","104,980","696,002","800,982","10,636,809","84,622,987","95,259,796",146.6074,278.4539,253.0436
12/01/2016 12:00:00 AM,Statewide,51999,"72,181","303,671","375,852","103,682","694,551","798,233","10,415,570","84,353,909","94,769,479",144.2979,277.7806,252.1457
01/01/2017 12:00:00 AM,Statewide,51999,"71,691","303,585","375,276","101,885","693,002","794,887","10,117,565","84,012,603.1","94,130,168.1",141.1274,276.735,250.8292
02/01/2017 12:00:00 AM,Statewide,51999,"70,881","302,998","373,879","99,891","690,517","790,408","9,978,258","84,383,563.48","94,361,821.48",140.7748,278.4954,252.386
03/01/2017 12:00:00 AM,Statewide,51999,"69,918","296,662","366,580","98,015","673,177","771,192","9,932,953","83,509,335.6","93,442,288.6",142.0657,281.4966,254.9029
04/01/2017 12:00:00 AM,Statewide,51999,"69,797","291,002","360,799","98,320","661,254","759,574","10,003,628","81,960,406.65","91,964,034.65",143.3246,281.6489,254.8899
05/01/2017 12:00:00 AM,Statewide,51999,"69,855","290,163","360,018","98,827","659,534","758,361","10,127,333.86","82,136,370.09","92,263,703.95",144.9765,283.0698,256.2753
06/01/2017 12:00:00 AM,Statewide,51999,"70,236","289,437","359,673","99,639","658,585","758,224","10,252,681.5","82,306,762.79","92,559,444.29",145.9747,284.3685,257.3433
07/01/2017 12:00:00 AM,Statewide,51999,"70,185","286,051","356,236","99,750","652,009","751,759","10,241,108.5","81,233,219.47","91,474,327.97",145.9159,283.9816,256.7801
08/01/2017 12:00:00 AM,Statewide,51999,"70,593","288,325","358,794","100,516","656,001","756,517","10,422,836","82,052,769.71","92,475,605.71",147.6469,284.5843,257.7401
09/01/2017 12:00:00 AM,Statewide,51999,"70,744","286,854","357,598","100,915","652,806","753,721","10,476,998","81,411,100.75","91,888,098.75",148.0973,283.8067,256.9592
10/01/2017 12:00:00 AM,Statewide,51999,"70,999","286,406","357,405","101,143","650,318","751,461","10,514,826.4","80,338,031.4","90,852,857.8",148.0982,280.504,254.2014
11/01/2017 12:00:00 AM,Statewide,51999,"71,349","285,908","357,257","101,970","649,876","751,846","10,620,270","79,947,379.14","90,567,649.14",148.8496,279.6262,253.5084
12/01/2017 12:00:00 AM,Statewide,51999,"71,444","284,792","356,236","102,090","646,292","748,382","10,604,778.28","79,269,658.91","89,874,437.19",148.4348,278.3423,252.289
01/01/2018 12:00:00 AM,Statewide,51999,"71,520","283,601","355,121","102,118","641,866","743,984","10,236,574.5","78,496,748.89","88,733,323.39",143.1288,276.7859,249.8679
02/01/2018 12:00:00 AM,Statewide,51999,"71,341","281,947","353,288","101,866","637,413","739,279","10,267,398.41","78,111,865.48","88,379,263.89",143.92,277.0445,250.1621
03/01/2018 12:00:00 AM,Statewide,51999,"71,234","282,044","353,278","101,661","635,312","736,973","10,260,036.78","77,869,385.86","88,129,422.64",144.0329,276.0895,249.462
04/01/2018 12:00:00 AM,Statewide,51999,"71,235","280,289","351,524","101,459","631,150","732,609","10,222,775.65","77,253,361.33","87,476,136.98",143.5078,275.6204,248.8483
05/01/2018 12:00:00 AM,Statewide,51999,"71,270","279,298","350,568","101,487","629,106","730,593","10,206,142.86","77,048,528.3","87,254,671.16",143.2039,275.8649,248.8951
06/01/2018 12:00:00 AM,Statewide,51999,"71,244","278,720","349,964","101,539","627,769","729,308","10,219,830","76,875,835.82","87,095,665.82",143.4483,275.8174,248.8704
07/01/2018 12:00:00 AM,Statewide,51999,"71,221","276,740","347,961","101,451","623,124","724,575","10,229,531.66","76,263,787.07","86,493,318.73",143.6308,275.5792,248.5719
08/01/2018 12:00:00 AM,Statewide,51999,"71,416","277,571","348,987","101,753","624,449","726,202","10,262,391.5","76,396,420","86,658,811.5",100.8559,122.3421,119.3316
09/01/2018 12:00:00 AM,Statewide,51999,"71,301","274,862","346,163","101,429","618,010","719,439","10,277,230","75,654,183.56","85,931,413.56",144.1387,275.2442,248.2397
10/01/2018 12:00:00 AM,Statewide,51999,"70,981","274,383","345,364","100,653","614,906","715,559","10,486,049.24","76,705,493.35","87,191,542.59",147.7304,279.5563,252.4627
11/01/2018 12:00:00 AM,Statewide,51999,"70,995","274,339","345,334","100,671","615,351","716,022","10,408,949.11","75,593,433.22","86,002,382.33",146.6152,275.5475,249.0412
12/01/2018 12:00:00 AM,Statewide,51999,"70,808","273,194","344,002","100,198","611,125","711,323","10,358,329.31","75,066,976.1","85,425,305.41",146.2876,274.7753,248.3279
01/01/2019 12:00:00 AM,Statewide,51999,"70,669","273,808","344,477","99,895","609,596","709,491","10,246,340.27","77,912,945","88,159,285.27",144.9906,284.5532,255.9221
02/01/2019 12:00:00 AM,Statewide,51999,"68,805","260,434","329,239","96,491","576,422","672,913","9,558,300","70,169,372","79,727,672",138.9187,269.4325,242.1574
03/01/2019 12:00:00 AM,Statewide,51999,"70,440","272,986","343,426","99,383","605,590","704,973","9,825,238.8","73,665,480.79","83,490,719.59",139.4838,269.8508,243.1112
04/01/2019 12:00:00 AM,Statewide,51999,"70,215","272,115","342,330","98,822","602,482","701,304","9,732,480.46","73,416,745.73","83,149,226.19",138.6097,269.8004,242.892
05/01/2019 12:00:00 AM,Statewide,51999,"69,686","272,180","341,866","98,045","602,308","700,353","9,652,764","73,331,544.5","82,984,308.5",138.518,269.423,242.7393
06/01/2019 12:00:00 AM,Statewide,51999,"69,519","272,335","341,854","97,578","602,840","700,418","9,590,543","73,500,392.75","83,090,935.75",137.9557,269.8896,243.0597
07/01/2019 12:00:00 AM,Statewide,51999,"69,225","271,928","341,153","96,988","601,619","698,607","9,526,044.4","73,325,145.75","82,851,190.15",137.6099,269.6491,242.8564
08/01/2019 12:00:00 AM,Statewide,51999,"69,156","272,414","341,570","96,929","602,908","699,837","9,558,547.77","73,404,108.5","82,962,656.27",138.2172,269.4579,242.8862
09/01/2019 12:00:00 AM,Statewide,51999,"69,327","271,881","341,208","97,230","601,120","698,350","9,620,794.5","73,475,787.12","83,096,581.62",138.7741,270.2498,243.5364
10/01/2019 12:00:00 AM,Statewide,51999,"68,939","271,467","340,406","96,545","598,459","695,004","9,642,281.76","73,610,630.47","83,252,912.23",139.8669,271.1587,244.5695
11/01/2019 12:00:00 AM,Statewide,51999,"68,765","269,677","338,442","96,397","595,148","691,545","9,579,749","72,415,976.24","81,995,725.24",139.3114,268.5286,242.2741
12/01/2019 12:00:00 AM,Statewide,51999,"68,918","270,515","339,433","96,668","596,608","693,276","9,670,235","73,085,161.4","82,755,396.4",140.3151,270.1705,243.8048
01/01/2020 12:00:00 AM,Statewide,51999,"68,318","267,141","335,459","95,658","587,883","683,541","9,276,775.44","71,323,360.35","80,600,135.79",135.7882,266.9877,240.2682
02/01/2020 12:00:00 AM,Statewide,51999,"68,223","265,446","333,669","95,403","584,299","679,702","9,288,083","71,207,562.67","80,495,645.67",136.143,268.2563,241.244
03/01/2020 12:00:00 AM,Statewide,51999,"68,593","269,298","337,891","96,078","591,906","687,984","17,490,471","101,674,184.7","119,164,655.7",254.9892,377.5527,352.6719
04/01/2020 12:00:00 AM,Statewide,51999,"70,483","298,181","368,664","99,118","647,490","746,608","18,111,284","112,545,582.57","130,656,866.57",256.9596,377.4405,354.4064
05/01/2020 12:00:00 AM,Statewide,51999,"71,624","308,402","380,026","101,187","665,833","767,020","18,522,225","115,626,200.71","134,148,425.71",258.6036,374.9204,352.998
06/01/2020 12:00:00 AM,Statewide,51999,"72,296","312,390","384,686","102,079","671,640","773,719","18,684,526","116,509,173.34","135,193,699.34",258.4448,372.9606,351.4391
07/01/2020 12:00:00 AM,Statewide,51999,"73,050","317,084","390,134","103,112","682,299","785,411","18,873,338","117,964,729.58","136,838,067.58",258.3619,372.0299,350.7463
08/01/2020 12:00:00 AM,Statewide,51999,"72,557","316,397","388,954","102,118","680,143","782,261","18,592,768.5","117,000,269.44","135,593,037.94",256,370,349
09/01/2020 12:00:00 AM,Statewide,51999,"72,346","313,936","386,282","101,583","676,787","778,370","18,547,753.25","117,249,140","135,796,893.25",256,373,352
10/01/2020 12:00:00 AM,Statewide,51999,"71,872","308,886","380,758","100,719","665,830","766,549","19,386,160","121,937,196","141,323,356",270,395,371
11/01/2020 12:00:00 AM,Statewide,51999,"71,477","305,126","376,603","99,960","658,475","758,435","19,341,959","121,886,354","141,228,313",271,399,375
12/01/2020 12:00:00 AM,Statewide,51999,"71,553","305,934","377,487","100,102","658,980","759,082","19,315,966.58","120,725,267","140,041,233.58",270,395,371
01/01/2021 12:00:00 AM,Statewide,51999,"71,334","303,872","375,206","99,814","653,450","753,264","22,024,370","137,001,912.96","159,026,282.96",309,451,424
02/01/2021 12:00:00 AM,Statewide,51999,"69,009","309,924","378,933","92,060","666,902","758,962","20,686,943","142,051,926.09","162,738,869.09",300,458,429
03/01/2021 12:00:00 AM,Statewide,51999,"70,332","309,908","380,240","95,085","664,080","759,165","21,138,855.33","139,665,553.22","160,804,408.55",301,451,423
04/01/2021 12:00:00 AM,Statewide,51999,"70,667","307,020","377,687","96,642","654,585","751,227","22,598,675","150,110,149.5","172,708,824.5",320,489,457
05/01/2021 12:00:00 AM,Statewide,51999,"70,931","305,388","376,319","97,613","649,889","747,502","22,876,999","149,514,061.5","172,391,060.5",323,490,458
06/01/2021 12:00:00 AM,Statewide,51999,"71,536","305,665","377,201","98,809","649,510","748,319","23,091,380.92","149,224,136.16","172,315,517.08",323,488,457
